PartyID,PartyName,LicenseTypeID,LicenseType,Current_Salesmen,Cases_Last45Days,Cases_FY25_26,City,Pincode,Address,Verdict,Notes
D00307,D S P WINES,180001,FL II (Wine shop),SM1=CROSS SUPPLY Â· SM3=SURESH NAIR,7676.5,23312.5,  2A,411 048,"SARVE,NO.30 ,HISSA NO.1 ,SHOP NO.1,2,3,NARHE, TAL .HAVELI .DIST .PUNE.",,
D06666,JUST ENJOY BEER & WINE SHOPEE,180004,Beer Shopee,SM3=SURESH NAIR,2298.0,7441.0,,,SR.NO 133/8/2 PUNE SASWAD ROAD URULI DEVACHI PUNE,,
D01290,ANUSHKA BEER SHOPPY (BT KAWADE),180004,Beer Shopee,SM3=OMKAR PAWAR,886.5,2054.5,PUNE,,"SR. NO. 49/24, B. T. KAWADE RD VATARE MALA PUNE",,
D01298,SAGAR BEER SHOPPY (HADAPSAR),180004,Beer Shopee,SM3=SURESH NAIR,871.0,1996.0,PUNE,,"SHOP NO.6, A BLDG. MANTARI NIW VAIDHYAWADI, HADAPSAR PUNE",,
D06149,PUNE WINES (MOHINI)(NUPUR),180001,FL II (Wine shop),SM3=SURESH NAIR,642.0,1533.0,PUNE,411001,"MILAKAT NO.625/17/18,SHOP NO.7,8,KHARABWADI,TAL-KHED,DIST-PUNE",,
D01257,LIQUOR WINDS BEER SHOPEE(MULSH,180004,Beer Shopee,SM3=SURESH NAIR,589.5,1541.5,PUNE,,"MILKAT NO. 429, KASAR AMBOLI,TAL-MULSHI DIST-PUNE",,
D00616,SAFEWAY WINES (KHED),180001,FL II (Wine shop),SM3=SURESH NAIR,560.0,560.0,PUNE,,PLOT NO : 34 TAL : KHED DIST :- PUNE,,
D06398,TRIMURTY BEER SHOPPE (KHED SHIVAPUR),180004,Beer Shopee,SM1=Z KISHOR CHANDAK Â· SM3=SURESH NAIR,554.0,981.0,PUNE,,"MILKAT NO 963 B, GAT NO 782, VELU-PHATA, TAL BHOR, DIST PUNE",,
D02249,BOTTOM UP,180001,FL II (Wine shop),SM1=SACHIN KAMBLE Â· SM2=AJAY Â· SM3=SURESH NAIR,543.0,694.0,PUNE,,SHOP NO 4 & 5  NEXT  TO PREMS RESTAURANT NORTH MAIN ROAD KOREGAON PARK,,
D07319,KOHINOOR BEER SHOPPE (MULSHI),180004,Beer Shopee,SM3=SURESH NAIR,533.0,646.0,PUNE CITY,,"SUSGAON , TAL MULSHI, DIST PUNE",,
D07755,MARNE BEER SHOPPY ,180004,Beer Shopee,SM3=SURESH NAIR,454.0,454.0,PUNE,,"OLD MILKAT NO 250 NEW MILKAT NO 242 AT / POST LAWARDE ,TAL MULSHI ,PUNE - 411042",,
D00608,MUKESH WINES (VADGAON SHERI),180001,FL II (Wine shop),SM1=SACHIN KAMBLE Â· SM2=AJAY Â· SM3=OMKAR PAWAR,452.0,1387.0,  1,,"SHOP NO. 1,SHREE NAGAVA APT. NEAR NIRAMAY HOSPITAL, VADGAON SHERI, PUNE.",,
D00177,RADHA WINES,180001,FL II (Wine shop),SM1=SACHIN KAMBLE Â· SM2=AJAY Â· SM3=OMKAR PAWAR,452.0,893.0,  6,,"S NO. 147/148, SHOP NO. BG 10,DESTINATION CENTRE,MAGARPATA CITY.",,
D07331,SAGAR BEER SHOPEE (KADAMWAK WASTI),180004,Beer Shopee,SM3=SURESH NAIR,444.0,1204.0,PUNE CITY,,"MILKAT NO 538, WARD NO 1 , OLD NEW 2 , GATE NO 921, KADAMWAK WASTI , TAL HAVELI , DIST PUNE ",,
D02506,AJIT WINES.( CHIKHALI ),180001,FL II (Wine shop),SM3=SURESH NAIR,358.0,428.0,PUNE,,"GAT.NO.1638,CHIKHALI,GOKUL BULDING, GALA NO.212",,
D00265,PRAKASH WINES (KALYANI NAGAR),180001,FL II (Wine shop),SM1=SACHIN KAMBLE Â· SM2=AJAY Â· SM3=SURESH NAIR,337.0,382.0,  2A,,"KALYANI NAGAR LANDMARK ,SHOP.NO.3 PUNE",,
D07197,LUCKY COUNTRY BAR (KADAM & KAUR),180006,CL III (OTHERS),SM3=SURESH NAIR,331.0,1151.0,PUNE,,PLOT NO 97 98 BU BHANDARI IND ESTATE SANSAWADI,,
D07433,PENGUIN BEER SHOPEE ( MULSHI),180004,Beer Shopee,SM3=SURESH NAIR,328.0,520.0,PUNE CITY,412115,"S NO 42+43/1/2 , PLOT NO 29, MILKAT NO 504, NAND , TAL MULSHI",,
D07230,A H BEER SHOPEE,180004,Beer Shopee,SM3=SURESH NAIR,311.0,311.0,PUNE,,MILKAT NO.2/709 GAT NO 1430 LOHEGAON RD PUNE,,
D00007,ALCHO DRINKS( MOSHI ),180001,FL II (Wine shop),SM1=CROSS SUPPLY Â· SM3=SURESH NAIR,300.0,849.0,  4,411 005,"SHOP NO.7 AND 8,SANT KANVARAM ,PLACEO,GAT NO.108,LAXMI CHOWK,MOSHI DEHU ROAD",,
D02545,KINGS BEER SHOPPE ( PIMPRI ),180004,Beer Shopee,SM1=CROSS SUPPLY Â· SM3=SURESH NAIR,270.0,310.0,PUNE,,"SHOP NO.11,SUKHWANI IMPERIAL C AJMERA COMPLEX, MORWADI, PIMPRI",,
D02376,TAJ WINES ( PIMPLE SAUDAGAR ),180001,FL II (Wine shop),SM1=CROSS SUPPLY Â· SM3=SURESH NAIR,268.0,308.0,PUNE,,"1012,DIVYA HIGHTS,PIMGLE SAUDAGAR,KALEWADI RD,RAHATNI,TAL-HAVELI,DIST-PUNE",,
D00142,NATIONAL WINES (CLOUD9),180001,FL II (Wine shop),SM1=SACHIN KAMBLE Â· SM2=AJAY Â· SM3=SURESH NAIR,262.75,3039.75,  2,411 001,SHOP NO 7 VISTAS CENTRE POINT MOHMMAD WADI PUNE,,
D07232,GOLDEN BEER AND WINE SHOP (WAGHOLI),180004,Beer Shopee,SM3=SURESH NAIR,256.0,1084.0,PUNE,,1343B STREET WORD OF JOY SHOP F 7 WAGHOLI,,
D00333,SHERKAR WINES.,180001,FL II (Wine shop),SM1=Z SANJAY NAGPAL Â· SM3=SURESH NAIR,239.0,239.0,,,"S.NO.267,H.NO.4-A NARAYANAGAON TAL JUNNAR DIST:- PUNE",,
D00971,NAKSHATRA RESTAURANT,180002,FL III (Permit Room),SM1=TULSIRAM Â· SM3=SURESH NAIR,230.77,486.65,  5,,"SR.NO.121/122, P.NO.104, RAMBAUG COLONY KOTHRUD,PUNE-29",,
D01875,EMPRESS WINES.,180001,FL II (Wine shop),SM1=CROSS SUPPLY Â· SM3=SURESH NAIR,222.0,317.0,PUNE,,"S.NO:-19/3,DANGE CHOWK, THERGAON, PUNE.",,
D06384,GOLD BEER SHOPEE (LOHEGAON),180004,Beer Shopee,SM3=SURESH NAIR,208.0,256.0,PUNE,,"SHOP NO 3,MILKAT 3774 3 296 31,LOHEGAON PUNE",,
D06718,SUBHASH LIQUORS PVT LTD(SOMATNE),180001,FL II (Wine shop),SM3=SURESH NAIR,206.0,206.0,PUNE,,"S.NO.755/B,OLD S.NO.306,SOMATNE TALEGAON GRAMIN,TALEGAON DABHADE,TAL-MAVAL",,
D07173,KUNAL WINE MART ( INDRANINAGAR ),180001,FL II (Wine shop),SM1=CROSS SUPPLY Â· SM3=SURESH NAIR,204.0,204.0,PUNE,,BHOSARI,,
D00956,KUNAL WINES(TALEGAON),180001,FL II (Wine shop),SM3=SURESH NAIR,200.0,200.0,PUNE,,"TALEGAON,DABHADE, TAL:-MAVAL, TALEGAON,",,
D00269,PUSHKAR WINES ( AKURDI ),180001,FL II (Wine shop),SM3=SURESH NAIR,189.0,211.0,PUNE,411 042,"ECTOR 26,SHOP NO.11-13,ABC JUNCTION,AKURDI,NEAR I.T.OFFICE,PRADHIKARAN NIGDI",,
D07716,YASHRAJ HOTEL,180002,FL III (Permit Room),SM3=SURESH NAIR,174.36,219.23,,,"SR NO.173/1/1/3,BHEKRAI ,NAGAR,PHURSUNGI,PUNE, Hadapsar, Pune,Maharashtra-411028",,
D01863,LUCKY WINES ( CHARHOLI ),180001,FL II (Wine shop),SM1=CROSS SUPPLY Â· SM3=SURESH NAIR,170.0,170.0,PUNE,,"SHOP NO 02 S.NO.153 ,HISSA NO.1 CHOVISAWADI TAL HAVELI DIST, PUNE",,
D07420,SHREYA BEER SHOPEE (JUNNAR),180004,Beer Shopee,SM3=SURESH NAIR,168.0,168.0,,,"SHUKRAVAR PETH, 6/1, JUNNAR TAL-JUNNAR DIST-PUNE",,
D00328,SHEETAL WINES,180001,FL II (Wine shop),SM1=SHASHANK Â· SM2=DEEPAK PATIL Â· SM3=SURESH NAIR,166.0,306.0,  8,,"5,AUNDH ROAD PUNE",,
D06248,DAVE JAISWAL & CO (SANASWADI),180001,FL II (Wine shop),SM1=Z VIJAY BHAIKATTE Â· SM3=SURESH NAIR,160.0,160.0,PUNE,,GAT.NO 1251.PLOT NO 1 SHOP 16.17 SANASWADI PUNE,,
D06871,WAGHADE WINES ( RAVET ),180001,FL II (Wine shop),SM3=SURESH NAIR,158.0,288.0,PUNE,,"MAUJE MUKAI ( KIVALE ),SR.78/1,5/1,5/3,SHO.NO.19 & 20 PIMPRI CHINCHWAD",,
D00530,POOJA WINES,180001,FL II (Wine shop),SM1=CROSS SUPPLY Â· SM3=SURESH NAIR,157.0,177.0,PUNE,,"SHOP NO.4,SHAVALE COMPLEX, CHINCHWAD GAON,",,
D01993,VIKRANT WINES ( KALEWADI ),180001,FL II (Wine shop),SM3=SURESH NAIR,156.0,290.0,PUNE,,"S.NO.67,S.S.NO.3912 ANAND PARK SHO.NO.6 G RAHATNI, KALEWADI",,
D00068,ELLORA WINES (BAVDHAN KHURD),180001,FL II (Wine shop),SM1=SHASHANK Â· SM2=DEEPAK PATIL,151.0,221.0,PUNE CITY,411 043,"CYBARIS BLDG, SHOP 1/2 NEXT TO WINDMILL SOCIETY BAVDHAN KHURD",,
D00099,JAISHREE WINES,180001,FL II (Wine shop),SM1=CROSS SUPPLY Â· SM3=SURESH NAIR,149.0,149.0,,,BEHIND NIGDI BUS STOP NIGDI PUNE,,
D06134,CAFE CYCLONE,180002,FL III (Permit Room),SM3=OMKAR PAWAR,144.87,343.59,PUNE,,S.NO 29 SATARA ROAD SARASWATI MANGAL KARYALAY DHANKAWADI PUNE,,
D07199,JAI LAXMAN RAJPUT CONTURY LIQ,180006,CL III (OTHERS),SM3=SURESH NAIR,142.0,177.0,PUNE,,GAT NO 452/1/1 MOSHI,,
D00375,VICKY WINES,180001,FL II (Wine shop),SM3=SURESH NAIR,142.0,142.0,PUNE,,"BLDG NO.21. CHINCHWAD STATION CHOWK BOMABY PUNE ROAD,PUNE",,
D06712,MODERN WINES (MOSHI),180001,FL II (Wine shop),SM1=CROSS SUPPLY Â· SM3=SURESH NAIR,133.0,218.0,PUNE,,"SHOP NO-2,FIRST FLOOR,WING NO-B,GEET SIDDHII,PLOT NO-L BORHADEWADI,MOSHI,PUNE-412105",,
D01936,NEW CRYSTAL BEER SHOPEE,180004,Beer Shopee,SM3=ABID,127.0,127.0,PUNE,,SHOP NO 21 SR NO 73/3/4 ASHOKA AAGAM  KATRAJ PUNE,,
D06153,SOURABH BEER SHOPEE ( CHINCHWAD ),180004,Beer Shopee,SM3=SURESH NAIR,127.0,127.0,PUNE,,"AKSHAY COMPLEX , SHOP.NO.3,JEEVAN NAGAR CHINCHWAD",,
D07200,ROYAL BEER SHOPEE (PIMPRI),180004,Beer Shopee,SM3=SURESH NAIR,124.0,154.0,PUNE,,S NO. 10-5 CTSN 866 SHOP NO 02 SAVITA APT PIMPRI,,
D02265,SUNNY WINES ( BANER),180001,FL II (Wine shop),SM1=SHASHANK Â· SM2=DEEPAK PATIL Â· SM3=SURESH NAIR,121.0,179.0,PUNE,,"CITY SR NO.261 PROPRTY NO.1740 BANER, PUNE-45",,
D02256,KUMAR WINES ( HANDEWADI ),180001,FL II (Wine shop),SM1=SACHIN KAMBLE Â· SM2=AJAY Â· SM3=SURESH NAIR,117.0,672.0,PUNE,,"SR.NO.73,HISSA NO.313-318,HANDEWADI ROAD,TAL-HAVELI,DIST-PUNE",,
D00462,KAVIRAJ WINES (AKURDI),180001,FL II (Wine shop),SM1=CROSS SUPPLY Â· SM3=SURESH NAIR,115.0,115.0,PUNE,,"SHOP NO.4,SUKHWANI PLAZA, PRADHIKARAN RD, AKURDI",,
D02662,VAISHALI BEER SHOPPE ( PIMPRI ),180004,Beer Shopee,SM3=SURESH NAIR,113.0,143.0,PUNE,,"SR.NO.294/3,PIMPRI",,
D01375,HIRA MOTI WINES (PIMPRI),180001,FL II (Wine shop),SM1=CROSS SUPPLY Â· SM3=SURESH NAIR,110.0,110.0,PUNE,,"SUKHWANI SECTOR, BUIL. NO.3, SHOP NO. 4, VALLBHANAGAR, PIMPRI",,
D00875,PRASAD WINES(DEEP BUNGLOW),180001,FL II (Wine shop),SM1=SHASHANK Â· SM2=DEEPAK PATIL Â· SM3=SURESH NAIR,110.0,135.0,  4,411001,"SHOP.NO.C, PUSHMALA CO-OP SOCIETY, DEEP BUNGLOW, PUNE-1",,
D00232,GLOBE WINES (CHINCHWAD),180001,FL II (Wine shop),SM1=Z SANJAY NAGPAL Â· SM3=SURESH NAIR,100.0,120.0,PUNE,,"NEAR DARSHAN HALL P.C.M.C LINK ROAD SUNDAR BAUG,NEAR DARSHAN HALL,",,
D01950,ROHAN WINES(KALBHOR WINES),180001,FL II (Wine shop),SM1=Z VIJAY BHAIKATTE Â· SM3=SURESH NAIR,96.0,96.0,PUNE,,"SHOP NO:-2,SR.NO:-8046, RATHANI/KALEWADI, PIMPRI,PUNE-17.",,
D01476,LUCKY LAXMI WINE (WARJE),180001,FL II (Wine shop),SM1=SHASHANK Â· SM2=DEEPAK PATIL Â· SM3=SURESH NAIR,95.0,110.0,  5,,"S.R.NO 116 SHOP NO.8/9, ATUL NAGAR WARJE, PUNE.",,
D01491,RELAX POINT SAI PRIDE- 2 HOTEL,180002,FL III (Permit Room),SM1=SAURABH Â· SM3=OMKAR PAWAR,95.0,118.0,PUNE,411014,"S.NO. 45/2/5, PREETAM NAGAR HO KHARADI, CHANDANNAGAR",,
D02268,K M WINES (C/O GUPTA WINES),180001,FL II (Wine shop),SM1=SACHIN KAMBLE Â· SM2=AJAY Â· SM3=SURESH NAIR,93.0,98.0,PUNE,,NYATI MILLENNIUM SHOP NO 5 VIMANNAGAR PUNE,,
D02544,SAKSHI BEER SHOPPE(PIMPRI),180004,Beer Shopee,SM3=SURESH NAIR,90.0,106.0,PUNE,,NEHRU NAGAR PIMPRI,,
D00370,UMESH WINES,180001,FL II (Wine shop),SM3=SURESH NAIR,90.0,136.0,,,BHOSARI PUNE,,
D00167,GLOBE WINES ( PIMPRI )(4190),180001,FL II (Wine shop),SM1=CROSS SUPPLY Â· SM3=SURESH NAIR,84.0,132.0,,411 017,"SR.NO.177,SHOP.NO.16,PLOT SECTOR 1,UNIT 2,VALLABHNAGAR,PIMPRI,TAL-HAVELI,DIST-PUNE",,
D00078,GHULE WINES (BAVDHAN),180001,FL II (Wine shop),SM1=SHASHANK Â· SM2=DEEPAK PATIL Â· SM3=SURESH NAIR,83.0,161.0,  5A,411 002,"SHOP NO.4, BLUE HILL SOCIETY S.NO.1,AMACHI COLONY,N.D.A RD BHAWADHAN,OPP.SAFERON REST",,
D06761,BLUE OCEAN BEER SHOPEE (KHARADI),180004,Beer Shopee,SM3=SURESH NAIR,82.0,221.0,PUNE,,SHOP NO 4 GURUKRUPA CORNER S.NO 21/7/1 SAINATH NAGAR KHARADI PUNE,,
D00210,SHAKTI WINES (PASHAN),180001,FL II (Wine shop),SM1=SHASHANK Â· SM2=DEEPAK PATIL Â· SM3=SURESH NAIR,82.0,298.0,  8,,"116/9,PASHAN PUNE",,
D00792,HEAVENS GARDEN (HARSH),180002,FL III (Permit Room),SM1=TULSIRAM Â· SM3=SURESH NAIR,80.77,124.36,  5A,411 001,"CHITRALEKHA CHAMBERS PAUD ROAD, PUNE-1",,
D07104,A L B  BEER SHOPEE ( SHIRUR),180004,Beer Shopee,SM3=PRANAV,77.0,97.0,PUNE,,PLOT NO PAP/IS 36 RANJANGAON TA SHIRUR TA PUNE,,
D07220,J. M. BEER SHOPEE (JAI MALHAR),180004,Beer Shopee,SM3=SURESH NAIR,75.0,130.0,PUNE,,THERGAON TALUKA MULSHI DIST. PUNE,,
D07242,DEEPAK WINES ( BHUKUM ),180001,FL II (Wine shop),SM1=CROSS SUPPLY Â· SM3=SURESH NAIR,74.0,179.0,PUNE CITY,412115,"GROUND FLOOR SHOP NO 102 , GAT NO 35, PROPERTY NO 0818/02",,
D07231,BARREL & CO(E N DADABHAI),180002,FL III (Permit Room),SM1=CROSS SUPPLY Â· SM3=SURESH NAIR,73.0,103.0,PUNE CITY,,S.NO 98/1 SHOP NO 1/2ANANDNAGAR K P TOWER HANDEWADI PUNE,,
D06150,MAYUR BEER SHOPPE (PIMPRI),180004,Beer Shopee,SM1=CROSS SUPPLY Â· SM3=SURESH NAIR,73.0,107.0,PUNE,,"PLOT NO. 73, BASERA APT., SHOP NO. 2, PIMPRI",,
D00131,MEDORI WINE (KESHAVNAGAR),180001,FL II (Wine shop),SM1=CROSS SUPPLY Â· SM3=SURESH NAIR,72.0,107.0,  2,,SR.NO 9 TO 14 PLOT NO 54/55 SHOP NO 43 MANTRA INSINGINIYA KESHAVNAGAR PUNE,,
D01870,VIJAY WINES.(PIMPRI),180001,FL II (Wine shop),SM3=SURESH NAIR,71.0,71.0,PUNE,,"SHOP NO:- 8,MASULKAR COL, AJMARA,PIMPRI,PUNE-18 DIST:-PUNE.",,
D07194,YARANA BEER SHOPEE (PIMPRI),180004,Beer Shopee,SM3=SURESH NAIR,71.0,183.0,PUNE,,S.NO.10/5 SAVITA APT PHASE1 SHOP NO 1 PIMPRI,,
D06760,K.R.BEER AND WINE SHOPEE(WAKAD),180004,Beer Shopee,SM3=SURESH NAIR,70.0,85.0,PUNE,,"S NO 17/1, WAKAD ROAD, THERGAON, PUNE",,
D00047,VEENIT WINES.(CHAJED & SONS) (KHED),180001,FL II (Wine shop),SM1=Z SANJAY NAGPAL Â· SM3=SURESH NAIR,70.0,70.0,PUNE,,RAJGURUNAGAR KHED DIST :-PUNE,,
D00461,ANUKIRAN WINES (DHAYRI),180001,FL II (Wine shop),SM1=SHASHANK Â· SM2=DEEPAK PATIL Â· SM3=SURESH NAIR,69.0,119.0,PUNE,,SARTHAK NAGAR NEAR SHANTI CORNER DHAYRI PUNE,,
D06509,LOVERS BEER SHOPEE (WAGHOLI),180004,Beer Shopee,SM3=SURESH NAIR,69.0,645.0,PUNE,,"S.NO. 42, GAT NO. 720,721,723,733, NYATI ELAN, HAVELI, WAGHOLI, PUNE",,
D02553,KIRAN BEER SHOPEE ( TATHAWADE ),180004,Beer Shopee,SM1=CROSS SUPPLY Â· SM3=SURESH NAIR,65.0,65.0,PUNE,,"SR.NO.75/2,MILKAT NO.1367,MAUJE TATHAWADE,TAL-MULSHI,DIST-PUNE",,
D00279,RAJSHREE WINES (PAUD ROAD),180001,FL II (Wine shop),SM1=SHASHANK Â· SM2=DEEPAK PATIL Â· SM3=SURESH NAIR,65.0,170.0,  5A,,S NO 120/3 PAUD ROAD PUNE,,
D06142,UNIVERSAL BEER SHOPEE (BAVDHAN) (SG),180004,Beer Shopee,SM3=OMKAR PAWAR,65.0,99.0,PUNE,,SHOP NO 4 CHAVAN HOUSE NEAR JUNA  BAVDHAN NAKA SR.NO 62/2 BAVDHAN PUNE,,
D00366,TRINITY WINES (S'NAR),180001,FL II (Wine shop),SM1=SHASHANK Â· SM2=DEEPAK PATIL Â· SM3=SURESH NAIR,63.0,129.0,  2A,411 016,"CTS.NO.3. 971,SHIVAJI NAGAR PUNE",,
D01991,RAJA WINES.( DAPODI ),180001,FL II (Wine shop),SM3=SURESH NAIR,62.0,79.0,PUNE,,"SR.NO:-64/213, DAPODI, PUNE-12.",,
D06784,K S B WINE WOLD BEER SHOP,180004,Beer Shopee,SM3=SURESH NAIR,61.0,66.0,PUNE,,"SHOP NO 5/6 S. No. 57,HISHA NO  FORTNE PLAZA KHARADI PUNE",,
D01027,WADKAR WINES,180001,FL II (Wine shop),SM1=SACHIN KAMBLE Â· SM2=AJAY Â· SM3=SURESH NAIR,60.5,125.5,  2A,,SHIV  GANGA  COMPLEX KONDHWA  BK PUNE,,
D07209,SHAM BEER SHOPPE (KALEWADI),180004,Beer Shopee,SM3=SURESH NAIR,60.0,135.0,,,"SR NO 111,KALEWADI RAHATNI",,
D00399,SONALI ENTERPRISES,180001,FL II (Wine shop),SM1=CROSS SUPPLY Â· SM3=SURESH NAIR,60.0,105.0,  3,411 009,"CTS.NO.8/2, PUNE SATARA ROAD SANGHAR APARTMENTS,PUNE",,
D07250,ASHOKA BEER SHOPPE(CHINCHWAD),180004,Beer Shopee,SM3=SURESH NAIR,58.0,612.0,PUNE,,PURNA NAGAR CHINCHWAD PUNE,,
D06141,PARTH BEER SHOPEE (UNDRI) (SG),180004,Beer Shopee,SM3=ABID,57.0,61.0,PUNE,,SR.NO 38/4 A WING SHOP 7 & 8 UNDRI PUNE,,
D02252,ROLEX WINES ( LOHAGAON ),180001,FL II (Wine shop),SM1=CROSS SUPPLY Â· SM3=SURESH NAIR,57.0,117.0,PUNE,,"ORCHID HOSPITAL ,LOHAGAON",,
D02665,SUNNY BEER SHOPEE(KALEWADI),180004,Beer Shopee,SM3=SURESH NAIR,56.0,63.0,PUNE,,"97/1,A,MILKAT NO.1126/2 PANCHPIR CHOWK, MAIN RD KALEWADI",,
D07251,PYASA BEER SHOPEE (TALWADE),180004,Beer Shopee,SM3=SURESH NAIR,54.0,79.0,PUNE,,"GAT NO 163, TRIVENINAGAR CHOWK TALAWADE",,
D07196,SONA  COUNTRY BAR (DANGE CHOWK),180006,CL III (OTHERS),SM3=SURESH NAIR,53.0,1817.0,,,DANGE CHOWK CHINCHWAD,,
D01989,ASHOKA WINES.(THERGAON),180001,FL II (Wine shop),SM1=CROSS SUPPLY Â· SM3=SURESH NAIR,48.0,62.0,PUNE,,"SR NO:-19/3,SHOP.NO1,BHOIR PALACE DANGE CHOWK, THERGAON,PIMPRI PUNE-33.",,
D00725,KUNDAN PALACE HOTEL,180002,FL III (Permit Room),SM1=Z NITIN KAPRE Â· SM3=SURESH NAIR,46.15,52.56,PUNE,,AKURDI PUNE,,
D01874,REGAL WINES (PIMPRI),180001,FL II (Wine shop),SM3=SURESH NAIR,46.0,49.0,PUNE,,"SHOP NO.9 , MOHAL MARKET, PIMPRI.",,
D07226,K.C.LAKHWANI,180004,Beer Shopee,SM3=SURESH NAIR,45.0,55.0,,,JOTIBANAGAR KALEWADI PUNE ,,
D07538,TERMINAL 9 HOTEL,180002,FL III (Permit Room),SM1=SAURABH Â· SM3=SURESH NAIR,44.87,100.0,PUNE,,"AEROTEL BUILDING KRISSNA KIRTI AROMAS LLP 6TH FLOOR SURVEY NO 164 HISSA NO 2C 2ATINGRE NAGAR PUNE, ",,
D00304,SAMRAT WINES.(NAVI SANGAVI),180001,FL II (Wine shop),SM1=Z VIJAY BHAIKATTE Â· SM3=SURESH NAIR,43.0,221.0,,,"SR.NO:-78/1, SAMARTH NAGAR, KRUSHNA CHOWK ,NAVI SANGAVI,. PUNE-.",,
D00353,SSD (SUNNY) WINES (AUNDH),180001,FL II (Wine shop),SM1=SHASHANK Â· SM2=DEEPAK PATIL Â· SM3=SURESH NAIR,43.0,217.0,  8,411 005,"SHOP NO.2, SITAI PARK, D.P. ROAD, AUNDH PUNE",,
D06959,CELEBRATION REST & BAR (713),180002,FL III (Permit Room),SM1=CROSS SUPPLY Â· SM3=SURESH NAIR,42.31,126.1,PUNE,,S N 11/1/1 KUDLE PLAZA 4TH FLOOR PIMPRI,,
D01967,CHAKAN WINES (CHAKAN),180001,FL II (Wine shop),SM3=SURESH NAIR,41.0,41.0,PUNE,,"MILKAT NO. 322, NANEKAR WADI, CHAKAN, TAL - KHED",,
D06269,NITIN BEER SHOPEE ( PANSHET ),180004,Beer Shopee,SM3=SURESH NAIR,41.0,570.5,PUNE,,"MILKAT NO.380, VARDADE PANSHET",,
D01951,AGARWAL WINES (PIMPRI),180001,FL II (Wine shop),SM3=SURESH NAIR,40.0,106.0,PUNE,,"SR.NO:-206/4,SHOP NO:-8, CHHADA BUILDING, PIMPRI,",,
D01345,ARYAN BEER SHOPPY (KOTHRUD),180004,Beer Shopee,SM3=SURESH NAIR,40.0,71.0,PUNE,,"SR. NO 51/3/2, SHOP NO. 15, KOTHRUD, PUNE",,
D00161,V R WINES (BANER RD),180001,FL II (Wine shop),SM1=SHASHANK Â· SM2=DEEPAK PATIL Â· SM3=SURESH NAIR,40.0,108.0,  8,,BANER ROAD PUNE,,
D00188,PRESIDENT PERMIT ROOM (HADAPSAR),180002,FL III (Permit Room),SM1=ATISH Â· SM3=SURESH NAIR,38.46,102.56,  2,411 028,"OPP. VAIBHAV THEATRE,HADAPSAR HADAPSAR, PUNE",,
D02564,JAISWAL WINES,180001,FL II (Wine shop),SM1=SACHIN KAMBLE Â· SM2=AJAY Â· SM3=SURESH NAIR,38.0,167.0,PUNE,,SHOP NO 14 GANGA ARCADIA SR NO 22 HISS NO 2 NEAR COLUMBAI ASAIA HOSPITAL KHARADI,,
D00013,G.S.P WINES.(AUNDH),180001,FL II (Wine shop),SM1=SHASHANK Â· SM2=DEEPAK PATIL Â· SM3=SURESH NAIR,37.0,37.0,  8,411 007,"SHAMAL APARTMENTS. SHOP NO.6. AUNDH,PUNE-7",,
D00165,PRATAP WINES,180001,FL II (Wine shop),SM1=SHASHANK Â· SM2=DEEPAK PATIL Â· SM3=SURESH NAIR,37.0,112.0,  5,,"DUDHANE  COMPLEX OPP. WARJE  BUS  STAND WARJE ,PUNE",,
D02518,UNITED WINES.(ABHAY WINES),180001,FL II (Wine shop),SM3=SURESH NAIR,37.0,97.0,PUNE,,"SADGURU PLAZA,GP-60, THERMAX CHOWK,SHOP NO:-10, G BLOCK M.I.D.C.CHINCHWAD,PUNE",,
D01970,SHRAVI HOTEL,180002,FL III (Permit Room),SM1=Z SANJAY NAGPAL Â· SM3=SURESH NAIR,35.9,74.36,PUNE,,"K.S.B CHOWK G.P.NO.154 G BLOCK, M.I.D.C CHINCHAWAD PUNE.",,
D07205,LIQUORLAND BEER SHOPEE (RAVET),180004,Beer Shopee,SM3=SURESH NAIR,35.0,128.0,PUNE,,SHOP NO 6 SAI VISTA PUNE MUMBAI BYPASS RAVET NR SAMEER LAWNS PUNE MAVAL PIMPRI PUNE,,
D00040,C.R.AGARWAL WINES (KIRKEE),180001,FL II (Wine shop),SM1=SHASHANK Â· SM2=DEEPAK PATIL Â· SM3=SURESH NAIR,34.0,124.0,PUNE,411 003,"63,MOLEDINA ROAD KIRKEE PUNE-411 003.",,
D02338,KAKA WINES (ALANKAR ) (DAUND),180001,FL II (Wine shop),SM1=Z SHANKAR SHINDE Â· SM3=SURESH NAIR,32.0,32.0,PUNE,,"SR.NO.871,SHOP.NO.1 TO 5, KEDGAON,TAL-DAUND, DIST:-PUNE.",,
D07736,SHALIMAR WINES,180001,FL II (Wine shop),SM1=SHASHANK Â· SM2=DEEPAK PATIL Â· SM3=ABID,31.0,31.0,PUNE,,"S. NO. 91/1 SHOP NO 2 AND 3 GROUND FLOOR, MAZZENINE FLOOR, KHADAKWASALA , TAL HAVELI DIST PUNE",,
D01736,SUPARA WINES,180001,FL II (Wine shop),SM1=SACHIN KAMBLE Â· SM2=AJAY Â· SM3=SURESH NAIR,31.0,74.0,PUNE,,"SHOP NO- 4, CITADEL B.T.CITADEL RD, GHORPADI,NEAR SOPAN BAUG,PUNE",,
D02266,KUNDAN WINES (MUNDHWA),180001,FL II (Wine shop),SM1=SACHIN KAMBLE Â· SM2=AJAY Â· SM3=OMKAR PAWAR,30.0,277.0,PUNE,,"SHOP NO.1, S NO. 80, E. GANGA ORCHID BLDG,PINGLE VASTI. MUNDHWA RD",,
D00197,SPIRITZ ( ORIENTAL WINES ),180001,FL II (Wine shop),SM1=SACHIN KAMBLE Â· SM2=AJAY Â· SM3=OMKAR PAWAR,30.0,76.0,  2,411 011,GRAND BAY SHOP 3B SNO. 70/3A/17 TO 19 EON IT KHARADI,,
D07183,RANJIT WINE DINE (ANANDNAGAR),180002,FL III (Permit Room),SM1=TULSIRAM Â· SM3=SURESH NAIR,28.0,28.0,PUNE,411041,"SHOP NO 13 & 14, ARTIMIS KIARA SUNCITY ROAD , ANANDNAGAR",,
D00371,UNITY WINES,180001,FL II (Wine shop),SM3=SURESH NAIR,28.0,128.0,  2A,,SHANTI NIWAS SHOP 2 OPP DARSHANHALL LINK ROAD CHINCWAD PUNE,,
D02659,KINGS BEER SHOPPE ( PIMPLE SAUDAGAR ),180004,Beer Shopee,SM1=Z KISHOR CHANDAK Â· SM3=SURESH NAIR,27.0,570.0,PUNE,,"SHO.NO.13,B WING THE CAISTALIYA APP.SR.NO.2,PIMPLE SAUDAGAR",,
D00126,MAHARAJA WINE (SANGHVI),180001,FL II (Wine shop),SM3=SURESH NAIR,27.0,27.0,,,S NO 13/2 SANGHVI PUNE,,
D07202,SWARAJ BEER SHOPPE (RAHATANI),180004,Beer Shopee,SM3=SURESH NAIR,27.0,37.0,,,SWARAJ BEER SHOPPE (RAHATANI),,
D07216,ROYAL BEER SHOPEE (MULSHI),180004,Beer Shopee,SM3=SURESH NAIR,26.0,26.0,,,"SR NO. 146/2,MIKAT NO GROUND FLR MAN ROAD  PARAKHI WASTI MAAN, TA. MULSHI, PUNE",,
D01306,SADASHIV WINES,180001,FL II (Wine shop),SM1=SACHIN KAMBLE Â· SM2=AJAY Â· SM3=SURESH NAIR,26.0,319.0,  7,,"SHOP NO. 12,SAI NANDANVAN APTS OLD MONDHWA, CHANDAN NAGAR RD NAGAR RD, PUNE",,
D02606,THE CORIANDER LEAF HOTEL,180002,FL III (Permit Room),SM1=TULSIRAM Â· SM3=SURESH NAIR,25.64,56.41,PUNE,,SR NO  627/121-122 A P LOT NO  105  RAMBAUG COLONY KOTHRUD PUNE,,
D07262,MEGHA HIGHWAY BEER SHOPEE,180004,Beer Shopee,SM3=SURESH NAIR,25.0,25.0,PUNE,,"PUNE NASHIK HIGHWAY,OPPO.NEW WATER TANK,RAJGURUNAGR,KHED,PUNE.",,
D07301,SUPER WINE AND BEER SHOPEE,180004,Beer Shopee,SM3=SURESH NAIR,25.0,30.0,PUNE,,SHO NO 2 3 SR NO 68 BLD  D0000B B T KAWADE ROAD GHORPADI PUNE,,
D07754,SURYA INS LTD (COURT YARD),180002,FL III (Permit Room),SM3=SURESH NAIR,25.0,25.0,,,"METGUTAD , TAL MAHABLESHWAR SATARA",,
D02597,YASH KARAN BEER SHOPEE(TATHAWADE),180004,Beer Shopee,SM3=SURESH NAIR,25.0,25.0,PUNE,,"S NO. 81/10, MUMBAI PUNE ROAD, TATHAWADE",,
D00187,SHAKUN WINES,180001,FL II (Wine shop),SM1=CROSS SUPPLY Â· SM3=SURESH NAIR,24.0,93.0,  3,,"47/2,PUNE-SATARA ROAD PUNE",,
D07044,SAB TONIQUE BEVEREGES LLP (TONIQUE),180001,FL II (Wine shop),SM1=SACHIN KAMBLE Â· SM2=AJAY Â· SM3=SURESH NAIR,22.0,117.0,PUNE,,MULICK EMPIRE 16/1 WADGAON SHERI KALYANI NAGAR PUNE,,
D06383,SHANGRILA HOTEL(KOMAL BAUA RES),180002,FL III (Permit Room),SM3=SURESH NAIR,21.79,56.41,PUNE,,"GAT NO. 1420, PLOT NO. 136 WAGHOLI, TAL- HAVELI",,
D02069,ANTIQUE WINES (PIMPLE SOU),180001,FL II (Wine shop),SM1=CROSS SUPPLY Â· SM3=SURESH NAIR,20.0,75.0,PUNE,,"S.NO. 21/16, SHOP NO. 11,12 CASTLE VILLA NEAR NEW GREAT PU PIMPLE SOUDAGAR,",,
D07213,SHARAYU BEER SHOPPY (DAPODI),180004,Beer Shopee,SM3=SURESH NAIR,20.0,37.0,PUNE,,"S.NO.6/3 PIMPLE GURAV DAPODI, DIST - PUNE",,
D06804,BHAGYASHRI HOTEL ( 17.1/2  NALI  ),180002,FL III (Permit Room),SM1=ATISH Â· SM3=SURESH NAIR,19.23,89.74,PUNE,,S.NO169/1+2+3 SADESATRA NALI HADAPSAR TUPE NAGAR HADPSAR PUNE,,
D07219,S. S. S. WINE & BEER SHOPEE,180004,Beer Shopee,SM3=SURESH NAIR,19.0,63.0,PUNE,,"SHOP NO 6,SAI RESIDENCY, S. NO. 295, KESHAVNAGAR, CHINCHWAD",,
D07513,KUNAL WINE AND DINE (JUNNAR),180002,FL III (Permit Room),SM1=CROSS SUPPLY Â· SM3=SURESH NAIR,17.0,17.0,PUNE CITY,412411,"GATE NO 487, MILKAT NO  2355, GALA NO 6 , ANAND GROND FLOOR , KAKADE PLAZA , ALEPHATA",,
D07747,SARJA RESTAURANT & BAR (AMBI) (1945),180002,FL III (Permit Room),SM3=SURESH NAIR,16.67,16.67,PUNE CITY,410507,GAT NO.105M.I.D.C.ROAD AMBI TALEGAONTAL-MAVALDIST-PUNE,,
D01983,CHHEDA WINES (CHAKAN),180001,FL II (Wine shop),SM1=Z SANJAY NAGPAL Â· SM3=SURESH NAIR,15.0,40.0,PUNE,,"SHOP NO. 4, BARAVKAR CHEMBER, GAT NO. 12441/L, AMBETHAN CHOUK, CHAKAN",,
D07201,S S BEER SHOPEE (HINJEWADI),180004,Beer Shopee,SM3=SURESH NAIR,15.0,15.0,,,SR.NO.147 6 MILKAT NO. SHOP NO.01 GROUND FLOOR DANGE CHOWK ROAD HINJEWADI MULSHI,,
D07233,THE THIRSTY HOPE BEER &WINE SHOP (KOTHRUD),180004,Beer Shopee,SM3=SURESH NAIR,14.0,58.0,PUNE,,KARVENAGAR KOTHRUD PUNE,,
D07721,KALPATARU PROPERTIES ,180002,FL III (Permit Room),SM3=SURESH NAIR,13.0,13.0,PUNE,,"THANE PVT LTD Club Amoda Reserve, 
Opp. Della Adventure Park,  Lonavala, Maharashtra 41040",,
D00108,KHUSHBOO WINES (KARVE NAGAR),180001,FL II (Wine shop),SM1=SHASHANK Â· SM2=DEEPAK PATIL Â· SM3=SURESH NAIR,13.0,138.0,  5,,KARVE NAGAR PUNE,,
D07712,A S ENTERPRISES (BHUGAON),180002,FL III (Permit Room),SM3=SURESH NAIR,12.82,23.38,PUNE CITY,,"MILKAT NO 769 GAT 194, NR MANAS LAKE, BHUKUM, MULSHI, PUNE",,
D00154,PARDESHI WINES,180001,FL II (Wine shop),SM1=SHASHANK Â· SM2=DEEPAK PATIL Â· SM3=SURESH NAIR,12.0,201.0,  5,,"SHOP NO.1,MANJULA CHAMBER CTS.NO.41/2 KARVE ROAD,PUNE",,
D02664,STEP INN BEER SHOPPE ( PIMPLE GURAV ),180004,Beer Shopee,SM3=SURESH NAIR,12.0,108.0,PUNE,,SR.NO .27/4B/2PAWANA NAGAR  PIMPLE GURAV,,
D00088,CHANDRAMA PERMIT ROOM (AUNDH),180002,FL III (Permit Room),SM1=PRASHANT THORAT Â· SM3=SURESH NAIR,10.26,16.67,PUNE,,"SHOP NO 8, PARIHAR CHOWK, SWOJAS COMPLEX, ITI RD, SANGHVI NAGAR, WARD NO. 8, AUNDH GAON, AUNDH, PUNE",,
D02257,S S GHULE WINES,180001,FL II (Wine shop),SM1=SACHIN KAMBLE Â· SM2=AJAY Â· SM3=OMKAR PAWAR,10.0,55.0,PUNE,,"S.NO 135/2A GANDHARAV GALAXYAMA  BUILDING SHO NO 12,13 RASKAR CHOWK AMANORA HADPSAR",,
D06452,D S P RESTAURANT AND PERMIT ROOM,180002,FL III (Permit Room),SM1=TULSIRAM Â· SM3=SURESH NAIR,9.0,246.0,PUNE,,SIDDHI VINAYAK SHRUSHTI COMPLEX SHOP NO 1  TO 5 SR NO 30 1 NARHE PUNE,,
D07504,SHRAVANI GARDEN ( AAGLAMBE),180002,FL III (Permit Room),SM3=SURESH NAIR,6.5,16.5,PUNE CITY,411023,"HOUSE NO 409 , BAHULI ROAD , KUDAJE GAON , KUDAJE , PUNE",,
D06780,HANGOUT RESTO AND BAR (KESHAVNAGAR),180002,FL III (Permit Room),SM1=ATISH Â· SM3=OMKAR PAWAR,6.0,64.97,PUNE,,S.NO 33  3A 2 BONE  VIVANT SHOP  5 6 KESHAVNAGAR  MUNDHAWA PUNE,,
D06801,ANAND HOTEL (RANJHANGAON),180002,FL III (Permit Room),SM1=CROSS SUPPLY,3.0,4.0,PUNE,,PLOT NO PAP/I5/54 RANJAN GAON,,
D06907,SHRADHA GARDEN (MULSHI),180002,FL III (Permit Room),SM1=RAJESH Â· SM3=SURESH NAIR,3.0,30.0,PUNE,,"NO 392 , AT KASAR AMBOLI POST, AMBARWEL GATE NO 354 , TAL MULSHI , DIST PUNE",,
D07268,A M COUNTRY BAR,180006,CL III (OTHERS),SM3=SURESH NAIR,0.0,0.0,PUNE,,"Nighoje, Plot No. 9, MIDC Chakan Industrial area, tq. Khed",,
D07334,A ONE BEER SHOPEE ( GHOTAWADE ),180004,Beer Shopee,SM3=SURESH NAIR,0.0,30.0,PUNE CITY,,"GOTWADE , KASAR AMBOLI , TAL MULSHI",,
D07333,A ONE BEER SHOPEE ( MULSHI) 449,180004,Beer Shopee,SM3=SURESH NAIR,0.0,90.0,PUNE CITY,,"MALVE , MULSHI , TAL PAUD",,
D07222,A R TILANI,180006,CL III (OTHERS),SM3=SURESH NAIR,0.0,0.0,,,"Shop No.533, MG Road, Pimpri Tal.Haveli Dist.Pune",,
D02090,A-ONE BEER SHOPEE(GHOTAWADE),180004,Beer Shopee,SM3=SURESH NAIR,0.0,0.0,PUNE,,"GOTWADE, KASAR AMBOLI, TAL-MULSHI",,
D07355,A.U.KARANDE,180006,CL III (OTHERS),SM3=SURESH NAIR,0.0,0.0,PUNE,,"Nighoje, Phase3, MIDC chakan, Plot no. PAP 38-39, gala no. 1, 2, Khed, Pune	",,
D01273,AADESH BEER SHOPEE (MUNDHAWA),180004,Beer Shopee,SM1=CROSS SUPPLY Â· SM3=SURESH NAIR,0.0,32.0,  7,411036,"S.NO.38,SHINDE VASTI, SHANKARNAGAR , KESHAVNAGAR,MUNDHAWA",,
D07227,AARATI PERMIT ROOM (KATAPUR BD),180002,FL III (Permit Room),SM3=SURESH NAIR,0.0,0.0,,,GAT NO 421 KATAPUR BD. TAL AMBEGAON DIST PUNE,,
D01219,AARYA BEER SHOPEE (WANAWADI),180004,Beer Shopee,SM1=CROSS SUPPLY Â· SM3=SURESH NAIR,0.0,46.0,PUNE,,"SHOP NO. 2, SHIVSAGAR HOU.SOC. WANWADI PUNE",,
D07256,AARYA BEER SHOPPE(WAKI),180004,Beer Shopee,SM3=SURESH NAIR,0.0,30.0,PUNE,,"AT NO.157, M.NO.637, NAVIN NO.130, WAKI BK, SANTOSH NAGAR,TAL-KHED,DIST-PUNE.",,
D07356,ABHIDADA BEER SHOPEE (CHAKAN),180004,Beer Shopee,SM3=SURESH NAIR,0.0,40.0,,,"MILKAT NO.4691,CHAKAN-SHIKRAPUR ROAD,SADGURU COMPLEX,CHAKAN.",,
D06404,ABHIRAJ BEER SHOPPEE ( JEJURI ),180004,Beer Shopee,SM1=Z SHANKAR SHINDE Â· SM3=SURESH NAIR,0.0,25.0,PUNE,,"SR.NO.1353,GALA NO.4,JEJURI, TAL PURANDHAR, PUNE",,
D06190,ACE MART BEER SHOOPPE,180004,Beer Shopee,SM3=OMKAR PAWAR,0.0,20.0,PUNE,,"S NO. 58/2/2/2, SHOP NO 13, GOLD STAR BLDG KHARADI",,
D07269,ADITYA BEER SHOPEE ( KURULI ),180004,Beer Shopee,SM3=SURESH NAIR,0.0,0.0,PUNE,,"GAT NO.47/1,MILKAT NO.71,CHIMBALI PHATA,KHED,PUNE.",,
D07264,ADITYA BEER SHOPPE (KALBHORNAGAR ),180004,Beer Shopee,SM3=SURESH NAIR,0.0,20.0,PUNE,,"KALBHORNAGAR, CHINCHWAD, PUNE",,
D00215,AGARWAL WINES (KOTHRUD),180001,FL II (Wine shop),SM1=SHASHANK Â· SM2=DEEPAK PATIL Â· SM3=SURESH NAIR,0.0,10.0,  5,411 004,"S.NO.10.S.NO.39/2/2 ERANDWANE, PUNE- 411 004.",,
D02300,AHER WINES,180001,FL II (Wine shop),SM1=CROSS SUPPLY Â· SM3=OMKAR PAWAR,0.0,10.0,PUNE,,SR NO 73/9/4 11 A/12A ASHOK AAGAM BULDING B WING SHOP NO 34 KATRAJ PUNE,,
D00006,AHURA ENTERPRISES,180001,FL II (Wine shop),SM1=SACHIN KAMBLE Â· SM2=AJAY,0.0,18.0,  7,411 006,"161,YERWADA PUNE -411 006.",,
D07551,AISHWARYA  DADASAHEB JAGTAP,180007,FL-IV ONE DAY LICENCE,SM1=ONE DAY LIC Â· SM3=SURESH NAIR,0.0,0.0,PUNE,411036,92/10 B   MUNDHAWA ROAD  PUNE ,,
D07445,AISHWARYA BEER SHOPEE (KHED),180004,Beer Shopee,SM3=SURESH NAIR,0.0,17.0,,,"MILKAT NO 79 PABAL ROAD RAKSHEWADI,RAJGURUNAGAR, KHED DIST.PUNE",,
D02297,AJIT WINES (DHANORI),180001,FL II (Wine shop),SM1=SACHIN KAMBLE Â· SM2=AJAY Â· SM3=SURESH NAIR,0.0,55.0,PUNE,,SR NO 281/3/5 SHOP NO 1 SHREE GANESH ANGAN SOC. LOHGAON DHANORI ROAD PUNE,,
D07357,AKSHADA HOTEL,180002,FL III (Permit Room),SM3=SURESH NAIR,0.0,0.0,PUNE,,"MILKAT NO 3680, AALE VILLAGE, TALUKA JUNNAR, DIST PUNE",,
D07485,AL BHANDARI COUNTRY LIQUOR BAR,180006,CL III (OTHERS),SM3=SURESH NAIR,0.0,50.0,PUNE CITY,,"SASWAD RD , FURSUNGI , HADAPSAR , PUNE",,
D06819,ALB BEER SHOPPY (CHANDAN NGR),180004,Beer Shopee,SM3=OMKAR PAWAR,0.0,20.0,PUNE,,SNO52/1/90 SAMRUDDHI CENTRE SHOP 7 KHARADI,,
D07203,AMAR BEER SHOPEE ( NIGDI ),180004,Beer Shopee,SM3=SURESH NAIR,0.0,0.0,,,PLAT NO .33 GALA NO . 2 TRANSPORTNAGAR  NIGDI . PUNE,,
D00113,AMPM LIQUORS (KRISHNA LIQUORS ),180001,FL II (Wine shop),SM1=SHASHANK Â· SM2=DEEPAK PATIL,0.0,143.0,  5A,411 029,"S.NO.126,SHOP NO.5. MADHUMALTI COMPLEX, PAUD ROAD,KOTHRUD",,
D00018,ANGOOR WINE(DHANKAWADI),180001,FL II (Wine shop),SM1=CROSS SUPPLY Â· SM3=OMKAR PAWAR,0.0,28.0,  3,411 046,"KADAM  PLAZA, SHOP NO:-4,S.NO.7/1,PUNE SATARA ROAD, KATRAJ,PUNE.",,
D02600,ANGOOR WINES (KHED),180001,FL II (Wine shop),SM3=SURESH NAIR,0.0,0.0,PUNE,,"HOUSE NO:-1025, TAL:-KHED,",,
D02399,ANGRAJ HOTEL,180002,FL III (Permit Room),SM1=ATISH Â· SM3=SURESH NAIR,0.0,11.54,PUNE,,SR NO.37/1/3/6 YEWALEWADI ROAD KONDHWA ROAD KONDHWA PUNE,,
D07332,ANGUR BEER SHOPPE ( BHEKRAI NAGAR ),180004,Beer Shopee,SM3=SURESH NAIR,0.0,0.0,PUNE CITY,412308,"G NO 4154, S NO SAGAR RESIDENCY , BHEKRAI NAGAR , FURSUNGI",,
D06162,ANMOL BEER SHOPEE (WAKAD) (SG),180004,Beer Shopee,SM1=Z KISHOR CHANDAK Â· SM3=OMKAR PAWAR,0.0,4.0,PUNE,,"SR.NO.207/02/1/2,V.S.L.2/1/3A,SHOP NO.7,8,WAKAD,MULSHI,PUNE",,
D07377,ANUP HOTEL ,180002,FL III (Permit Room),SM3=SURESH NAIR,0.0,0.0,,,"HOTEL RAMKRUSHNA,GAVALIWADA,LONAVALA,DIST.PUNE	",,
D07359,ANVI BEER SHOPEE (CHAKAN),180004,Beer Shopee,SM3=SURESH NAIR,0.0,10.0,,,"GAT NO 1372, NEAR INDIAN OIL PUMP, PETH TAL AMBEGAON DIST PUNE",,
D07257,APARNA HOTEL. (SHIROLI),180002,FL III (Permit Room),SM3=SURESH NAIR,0.0,0.0,PUNE,,"GAT NO 649,SHIROLI MILKAT NO 95, SHIROLI, KHED PUNE",,
D00021,APARNA WINES (BANER),180001,FL II (Wine shop),SM1=SHASHANK Â· SM2=DEEPAK PATIL,0.0,50.0,PUNE,,BANER PUNE,,
D07221,APEKSHA BEER SHOPEE,180004,Beer Shopee,SM3=SURESH NAIR,0.0,6.0,PUNE,,AKURDI PUNE,,
D07499,APLE BEER SHOP,180004,Beer Shopee,SM3=OMKAR PAWAR,0.0,5.0,PUNE CITY,,"BUILDING CITY . SURVEY NO 8-4G , STREET AT GULTAKEDI , TAL HAVELI DIST PUNE",,
D07360,ARATI HOTEL (NARAYANGAON),180002,FL III (Permit Room),SM3=SURESH NAIR,0.0,0.0,,,"GAT NO.421, KATHAPUR BK. TAL-AMBEGAON, DIST-PUNE",,
D07195,ARCHANA HOTEL (SANASWADI),180002,FL III (Permit Room),SM3=SURESH NAIR,0.0,37.0,PUNE,,PLOT NO 97.98 GAT NO 156/1544/168/170/171 B.U BHANDARI IND SANASWADI PUNE,,
D00023,ARCHANA LIQUOR WORLD (W),180001,FL II (Wine shop),SM1=SACHIN KAMBLE Â· SM2=AJAY Â· SM3=OMKAR PAWAR,0.0,0.0,  2,411 040,"SHOP NO.1/2 KEDARI NAGAR WANAWADI,PUNE-40.",,
D06146,ARJUN BEER SHOPPEE (BANER) (SG),180004,Beer Shopee,SM3=OMKAR PAWAR,0.0,4.0,PUNE,,SR NO. 90. VEER BHADRA NGR. SH. 5 BANER,,
D06156,ARVIND WINES (WAKAD),180001,FL II (Wine shop),SM1=CROSS SUPPLY Â· SM3=SURESH NAIR,0.0,122.0,PUNE,,"S.NO. 26,SHOP NO.2 NEAR JAGATAP DAIRY PIMPLE NILAKH WAKAD RD.",,
D07491,ARVIS BAR AND RESTAURANT,180002,FL III (Permit Room),SM1=ATISH Â· SM3=SURESH NAIR,0.0,0.0,PUNE,411048,"SR NO 971 AND 2 , SHOP NO C4 & C5 , KANCHAN ONYX, PISOLI , KONDHWA , YEWALEWADI",,
D07258,ARYA BEER SHOPEE (WAKI   ),180004,Beer Shopee,SM3=SURESH NAIR,0.0,0.0,PUNE,,"AT POST PAIT ,GAT NO.11/17, TAL KHED,DIST-PUNE",,
D02169,ARYA RESTAURANT HOTEL,180002,FL III (Permit Room),SM1=ATISH Â· SM3=SURESH NAIR,0.0,6.0,PUNE,,"SR, NO. 59/1,A-1 SHOP NO. A/2, MOHAMADWADI, PUNE",,
D07298,ARYAN BEER SHOPEE (BANER),180004,Beer Shopee,SM3=SURESH NAIR,0.0,0.0,PUNE,,SR.NO HISSA NO 1PLOT NO D CASSIOPEIA GROUND  FLOOR SHOP NO 2 BANER PUNE,,
D01587,ASHISH BEER SHOPEE(KIRKITWADI),180004,Beer Shopee,SM1=Z SHANKAR SHINDE Â· SM3=SURESH NAIR,0.0,5.0,PUNE,,"SHOP NO. 1, AMRUTA VIHAR BUILDING NO. 1, SINHGAD ROAD KIRKITWADI,",,
D07361,ASHOKA PALACE,180002,FL III (Permit Room),SM3=SURESH NAIR,0.0,0.0,,,"LEPHATA, WADGAON ANAND, TAL-JUNNAR DIST-PUNE",,
D07362,ASHWINI HOTEL (JUNNAR),180002,FL III (Permit Room),SM3=SURESH NAIR,0.0,0.0,,,"GAT NO.104, A/P-DHANGARWADI TAL-JUNNAR, PUNE",,
D01262,ASWAD BEER SHOPEE,180004,Beer Shopee,SM3=OMKAR PAWAR,0.0,7.0,PUNE,,SR NO. 49 WADESHWAR NAGAR WADGAON SHERI NAGAR RD PUNE,,
D07259,ATHARVA HOTEL (CHAKAN),180002,FL III (Permit Room),SM3=SURESH NAIR,0.0,0.0,PUNE,,"250/1,A/P-KHARABWADI,KHARAB-WADI, CHAKAN, TAL-KHED,DIST-PUNE.",,
D06171,AZAD BEER SHOPEE (BANER),180004,Beer Shopee,SM3=OMKAR PAWAR,0.0,3.0,PUNE,,"S NO.37/1/1/2/1,ABIL IMPERIAL SHOP NO 5 BANER",,
D02330,B & G COUNTRY LIQUOR ( MANJARI,180006,CL III (OTHERS),SM1=Z KISHOR CHANDAK Â· SM3=SURESH NAIR,0.0,20.0,PUNE,,"GAT. NO.458, MANJARI",,
D02402,B CHILLED BEER SHOPPEE (SG),180004,Beer Shopee,SM1=TULSIRAM Â· SM3=OMKAR PAWAR,0.0,18.0,PUNE,,SHOP NO  30 / 31 GANGA VISHNU HEIGHTS KARVENAGAR KOTHRUD PUNE,,
D07364,B.J.DHOLE BEER SHOPPE (JUNNAR),180006,CL III (OTHERS),SM3=SURESH NAIR,0.0,25.0,,,"Narayngaon, Tal-Junnar Dist-Pune",,
D07351,BALAS BEER SHOPPEE ( KALEPADAL),180004,Beer Shopee,SM3=SURESH NAIR,0.0,460.0,PUNE,,SR.NO 35 SHOP NO 43 YASHRAJ GREEN   CASTEL KALEPADAL HADPSAR ,,
D07328,BEER EXPRESS BEER SHOPEE (MALEGAON),180004,Beer Shopee,SM3=SURESH NAIR,0.0,25.0,PUNE,413115,"GATE NO 7 , PLOT NO 4 , CHAITANYA HIGHTS , SHOP NO 6 , B WING , MALEGAON",,
D07345,BHANDARI RESTAURANT & BAR ( BHIGWAN ),180002,FL III (Permit Room),SM3=SURESH NAIR,0.0,0.0,PUNE CITY,,"MILKAT NO 484, GATE NO 90, 1 AND 922 , BADALWADI , TAL INDAPUR",,
D01453,BHARAT WINES,180001,FL II (Wine shop),SM1=CROSS SUPPLY Â· SM3=OMKAR PAWAR,0.0,35.0,  3,,S R NO 13   2 B/ 2 SUKHSAGAR NAGAR KATRAJ PUNE,,
D02049,BHONGLE WINES (SASWAD),180001,FL II (Wine shop),SM1=Z SHANKAR SHINDE Â· SM3=SURESH NAIR,0.0,0.0,PUNE,,"CTS.NO.1463,SASWAD, TAL:-PURANDAR, PUNE:-02.",,
D07326,BOTTLE STORY RESTAURANT & BAR ( KHARADI ),180002,FL III (Permit Room),SM1=SAURABH Â· SM3=SURESH NAIR,0.0,2.0,PUNE CITY,411014,"PUNE NAGAR ROAD , NEAR HDFC BANK , KHARADI ",,
D07365,BUNTY BEER SHOPEE,180004,Beer Shopee,SM3=SURESH NAIR,0.0,0.0,,,"MILKAT NO.149, JAID WADI, TAL-KHED DIST-PUNE",,
D02292,C G WINES,180001,FL II (Wine shop),SM1=CROSS SUPPLY Â· SM3=SURESH NAIR,0.0,21.0,PUNE,,SR NO 20/ MILKAT NO 1111/3 MOJE  PUNAI  NAGAR  DHANKAWADI PUNE,,
D00456,C.M. WINES,180001,FL II (Wine shop),SM1=SACHIN KAMBLE Â· SM2=AJAY,0.0,5.0,  4,,"42/43,CITY S.NO156 KASTURBA Co-Op,HOUSING SOCIEY VISHRANTAWADI,PUNE",,
D06876,CHAITANYA BAR & RESTAURANT(VADGAON),180002,FL III (Permit Room),SM1=TULSIRAM Â· SM3=ABID,0.0,4.0,PUNE,,SR.NO 55 HISSA NO 11 A 1 11B 1 SHOP NO 14 /5/4 SHIVKRUSHNA APTS VADGAON PUNE,,
D00636,CHANDAN WINES,180001,FL II (Wine shop),SM1=CROSS SUPPLY Â· SM3=SURESH NAIR,0.0,70.0,  7,,SR NO 82 PART NO 12/2/4 ANMOL RESIDENCY DIGHI TAH HAVELI DIST PUNE.,,
D07208,CHEERS BEER AND WINE SHOPEE(PIMPRI),180004,Beer Shopee,SM1=CROSS SUPPLY Â· SM3=SURESH NAIR,0.0,0.0,,,"SHOP.NO.9,A-WING,KAMALA CROSS BUILDING,OPP-PCMC BUILDING,PIMPARI PUNE",,
D07366,CHEERS BEER SHOPEE-654 (LONAVALA),180004,Beer Shopee,SM3=SURESH NAIR,0.0,231.0,,,"SN.28/87,PLOT NO.87 ,SHOP NO.6,ANIRUDDHA COMPLEX NEW TUNGARLI, LONAVALA,TAL.MAVAL",,
D07146,CHINAB BEER SHOPEE ( 12 MATI),180004,Beer Shopee,SM3=OMKAR PAWAR,0.0,0.0,PUNE,,"M.NO.1194, GALA NO.A, TANDULWADI BHIGWAN ROAD MIDC BARAMATI TA-BARAMATI DIST-PUNE",,
D00082,CHIRAG WINES (KOTHRUD),180001,FL II (Wine shop),SM1=SHASHANK Â· SM2=DEEPAK PATIL,0.0,4.0,  5,,"S.NO.167/A,PLOT NO.10. HAPPY COLONY,KOTHRUD, PUNE",,
D07320,CHUG AND ASWANI (MK COUNTRY),180006,CL III (OTHERS),SM3=SURESH NAIR,0.0,475.0,PUNE,,"S.NO. 19/9, VAKAD ROAD THERGAON PUNE TA MULSHI  ",,
D07726,CORNER BEER SHOPPY,180004,Beer Shopee,SM3=SURESH NAIR,0.0,278.0,,,"GAT NO 1420, SHOP NO 4, SHIVSAI BUILDING  ",,
D00844,CRYSTAL WINES (BIBEWEWADI),180001,FL II (Wine shop),SM1=CROSS SUPPLY Â· SM3=OMKAR PAWAR,0.0,0.0,  6A,,"SHOP NO.6,ANANT VASAHAT 685/3,BIBWEWADI PUNE.",,
D06783,CURRENT WINE AND BEER SHOPEE (MOHAMMADWADI),180004,Beer Shopee,SM3=OMKAR PAWAR,0.0,66.0,PUNE,,SHOP NO 1 GRONG FLOOR NINE HILLS PLAZA SR.NO 43-44 HISSNO 1-5 MOHAMMADWADI PUNE,,
D05937,CURRENT WINE BAR HOTEL( WANWORIE),180002,FL III (Permit Room),SM1=ATISH,0.0,10.0,PUNE,,"S NO.43,44 HISSA NO.1 TO 9, SHOP NO.2 & 3 NINE HILLS ARCADE MOHAMMADWADI",,
D00052,D N SAYKAR WINES,180001,FL II (Wine shop),SM1=SACHIN KAMBLE Â· SM2=AJAY Â· SM3=OMKAR PAWAR,0.0,0.0,  1,411 001,"2395,SHOLAPUR ROAD, POOLGATE, PUNE -411 001.",,
D07732,D. B. DHAPATE,180006,CL III (OTHERS),SM3=SURESH NAIR,0.0,60.0,PUNE,,"S. NO. 90/55, KALAS, VISHRANTVADI, PUNE",,
D00857,DAMINI RESTAURANT (WARJE),180002,FL III (Permit Room),SM1=TULSIRAM Â· SM3=SURESH NAIR,0.0,0.0,  5,,"WARJE MALEWADI TAL,HAVELI DIST:PUNE",,
D06170,DARYA RESTAURANT ( WARJE),180002,FL III (Permit Room),SM1=TULSIRAM Â· SM3=SURESH NAIR,0.0,0.0,PUNE,411058,SURVEY NO 39 OBLIQUE 1  INDUSTRIAL SOCIETY CANOL ROAD WARJE MALWADI PUNE,,
D06648,DEEPAK PERMIT ROOM & BAR (MHATRE BRIDGE),180002,FL III (Permit Room),SM1=TULSIRAM Â· SM3=CROSS SUPPLY,0.0,2.5,PUNE,,CTS NO 96  2 SHOP NO  AND 5 RAJENDRA  NAGAR SADASHIV PETH,,
D02094,DEEPAK PERMIT ROOM.(JUNNAR),180002,FL III (Permit Room),SM1=Z SANJAY NAGPAL Â· SM3=SURESH NAIR,0.0,30.0,PUNE,,"NARAYANGAON, TAL:-JUNNAR,",,
D02254,DEEPAK WINES  (NEW LAW COLG RD),180001,FL II (Wine shop),SM1=SHASHANK Â· SM2=DEEPAK PATIL Â· SM3=SURESH NAIR,0.0,10.0,PUNE,,"S. NO. 55/27,PLOT NO. 82.TP SCH NO. 1SHOPE 02, LUNKAD VILLA LAW COLLEGE RD",,
D07353,DESENT BEER SHOPPEE ( MANTARWADI),180004,Beer Shopee,SM3=SURESH NAIR,0.0,75.0,PUNE,,PUNE SASWAD ROAD MANTARWADI PHURSUNGI PUNE,,
D07368,DHEERAJ BEER SHOPEE-513,180004,Beer Shopee,SM3=SURESH NAIR,0.0,10.0,,,"MILKAT NO.501, KANHE, TAL. MAVAL,DIST-PUNE",,
D06140,DIAMOND BEER & WINE SHOPEE (SHIVANE) (SG),180004,Beer Shopee,SM1=Z SHANKAR SHINDE,0.0,4.0,PUNE,411023,SHOP NO 14.SR NO. 84/1 PANDHARINATH NGR. NDA RD. SHIVANE PUNE,,
D01148,DIAMOND WINES (WANWADI ),180001,FL II (Wine shop),SM1=SACHIN KAMBLE Â· SM2=AJAY Â· SM3=SURESH NAIR,0.0,47.0,  2,,"SHOP NO.15 NANCY TOWERS WANOWARI,PUNE-40",,
D01873,DILIP WINES (PIMPRI CAMP),180001,FL II (Wine shop),SM1=Z KISHOR CHANDAK Â· SM3=SURESH NAIR,0.0,35.0,PUNE,,"HOUSE NO-225,SHOP NO-1, PIMPRI COLONY, PIMPRI,PUNE-17.",,
D07311,DISCO WINES AND BEER BAR (YERWADA),180002,FL III (Permit Room),SM1=SAURABH Â· SM3=SURESH NAIR,0.0,5.0,PUNE,,SR.NO 247  N 14 B CTS NO 1502 N 15051 PLOT NO 1 BK CO OP HSG SOCIETY GROUND FLOOR SHOP NO 9 YERWADA ,,
D06707,DISCOVERY WINE AND BEER (KONDHWA),180004,Beer Shopee,SM3=SURESH NAIR,0.0,25.0,PUNE,,"SR NO 21-2 AND 22-2,MARVEL GANGA BOLIWARD SHOP NO 107,NIBM ROAD,KONDHAWA PUNE",,
D07369,DOLLER PERMIT ROOM RESTAURANT (JUNNAR),180002,FL III (Permit Room),SM3=SURESH NAIR,0.0,10.0,,,"MALMATTA NO 006 085 0871NIRGUDE,NIRGUDE BEJWATNirgude, Junnar, Pune",,
D06800,DRINKING LIQUIDS QUARTER NINTY BAR & REST (VIMANNAGAR),180002,FL III (Permit Room),SM1=SAURABH Â· SM3=SURESH NAIR,0.0,2.0,PUNE,,10 BIZ PARK PREMISES CO OP SOCTYSHOP NO 3&4 UPPER ROUND FLOOR VNGR,,
D00069,EMPRESS RESTAURANT (B.NALA),180002,FL III (Permit Room),SM1=ATISH Â· SM3=OMKAR PAWAR,0.0,60.0,PUNE,411 001,MIHIR APARTMENTS SHOP NO.8 BHAIROBANALA PUNE-1,,
D02316,ENJOY BEER & WINE SHOPEE ( KOTHRUD),180004,Beer Shopee,SM1=TULSIRAM Â· SM3=SURESH NAIR,0.0,4.0,PUNE,,"KALAGRAM SOC, GROUND FLOOR SHOP NO, 4 PAUD ROAD KOTHURD PUNE",,
D07354,FOUNTAIN (LAXMMI) WINES ( LONAVALA ) ,180001,FL II (Wine shop),SM3=SURESH NAIR,0.0,15.0,PUNE CITY,,"SHOP NO 24 , M.G ROAD , SHIVAJI CHOWK , LONAVALA",,
D00073,FRENCH WINES (WANWADI),180001,FL II (Wine shop),SM1=SACHIN KAMBLE Â· SM2=AJAY Â· SM3=SURESH NAIR,0.0,30.0,  2,,"SHOP NO.4, BEHIND SHINDE'S CHATRI, WANOWARI,PUNE",,
D02663,G.B.BEER SHOPPE(CHINCHWAD),180004,Beer Shopee,SM1=Z SHANKAR SHINDE Â· SM3=SURESH NAIR,0.0,20.0,PUNE,,"67, PARAS COMPLEX, THERMAX CHOWK, CHINCHWAD",,
D07343,GAGAN HOTEL (INDAPUR),180002,FL III (Permit Room),SM2=DEEPAK PATIL Â· SM3=SURESH NAIR,0.0,0.0,PUNE CITY,,"TECHNICAL WALCHANDNAGAR , INDAPUR , DIST PUNE",,
D07733,GALAXY LAUNGE RESTAURANT LODGE ,180002,FL III (Permit Room),SM3=SURESH NAIR,0.0,25.0,PUNE CITY,,"RAJ PARADISE SR NO 56 NAWALE HOSPITAL , DP ROAD NARHE ",,
D06834,GALAXY WINES (BANER),180001,FL II (Wine shop),SM1=SHASHANK Â· SM2=DEEPAK PATIL Â· SM3=SURESH NAIR,0.0,79.0,PUNE,,SHOP NO 9 STERLING TOWERS PAN CARD CLUB ROAD NEAR MALPANI IT PARK BANER PUNE,,
D00231,GALINDE WINES,180001,FL II (Wine shop),SM1=Z SHANKAR SHINDE Â· SM3=SURESH NAIR,0.0,5.0,PUNE,,"H.NO.124,GANGA NIVAS WARD NO.3.",,
D01762,GALLORD WINES(J R AGARWAL),180001,FL II (Wine shop),SM1=Z KISHOR CHANDAK Â· SM3=SURESH NAIR,0.0,150.0,PUNE,,"WAGHOLI, TAL- HAVELI, DIST- PUNE",,
D07452,GANDHARV BEER SHOPEE (MANCHAR),180004,Beer Shopee,SM3=SURESH NAIR,0.0,50.0,,,"Manchar,TA-AMBEGOAN,PUNE",,
D07466,GANPIR DARBAR GARDEN RESTAURANT (JUNNAR),180002,FL III (Permit Room),SM3=SURESH NAIR,0.0,30.0,PUNE CITY,,"MILKAT NO 1133 , WARD NO 4 , PUNE NASHIK RD , WARULWADI",,
D07254,GAURAV BEER SHOPPE,180004,Beer Shopee,SM3=SURESH NAIR,0.0,0.0,,,"MILKAT NO 411/3, GAT NO. 287, CHOJGE COMPLEX, TAKWE BR., TAL.MAVAL, DIST.PUNE",,
D01267,GAYATRI BEER SHOPEE (KALYANI NAGAR),180004,Beer Shopee,SM3=SURESH NAIR,0.0,35.0,  5,,"SR NO. 3 SHINDE BUILDING WADGAON SHERI NAGAR RO NEAR SUNCITY, PUNE",,
D07438,GEETANJLI BEER SHOPEE (SANGHVI),180004,Beer Shopee,SM3=SURESH NAIR,0.0,100.0,,,SN 76 DWARKA APT. SHOP NO 4 SHIVAJI PARK NEW SANGHVI PUNE,,
D07048,GIRIJA  HOTEL (CHAKAN),180002,FL III (Permit Room),SM1=CROSS SUPPLY Â· SM3=SURESH NAIR,0.0,3.0,PUNE,,PLOT NO PAP  V R 12 PHASE MIDC  CHAKAN WASULI KHED PUNE,,
D07494,GOA WINES,180001,FL II (Wine shop),SM3=SURESH NAIR,0.0,280.0,PUNE CITY,,"GREEN BUILDING PRO . FARM P NO 60 , RANJANGAON MIDC , TAL SHIRUR , PUNE ",,
D07371,GOKUL BEEER SHOPEE (KALAMB MANCHAR),180004,Beer Shopee,SM3=SURESH NAIR,0.0,15.0,,,"SR NO 227/7,TAVAJI MALA, SHOP NO 2, KALAMB, TAL AMBEGAON] DIST PUNE",,
D02032,GOLD WINES,180001,FL II (Wine shop),SM1=SHASHANK Â· SM2=DEEPAK PATIL Â· SM3=SURESH NAIR,0.0,5.0,PUNE,,SHIVAJI NAGAR BHANDARKAR  ROAD PUNE,,
D07372,GOODLUCK BEER SHOPEE (LONAVALA),180004,Beer Shopee,SM3=SURESH NAIR,0.0,30.0,,,"SHOP NO.3,SHANTIVAN, NAGARGAON, LONAVALA,TAL-MAVAL,PUNE.",,
D00081,GOYAL WINES,180001,FL II (Wine shop),SM1=SACHIN KAMBLE Â· SM2=AJAY Â· SM3=OMKAR PAWAR,0.0,15.0,  6,411 002,"2/37,NEW MODIKHANA OLD POOL GATE,BHAWANI PETH, PUNE-1",,
D05977,GREEN COURT HOTEL ( FATIMANGAR ),180002,FL III (Permit Room),SM1=MIRAN DMELLO Â· SM3=OMKAR PAWAR,0.0,5.0,PUNE,,"S NO 14/1, A+1B, SHRADHA REGENCY, FATIMANAGAR, PUNE",,
D07370,GREEN VALLEY RESTAURANT AND BAR (KHED)	,180002,FL III (Permit Room),SM3=SURESH NAIR,0.0,0.0,,,"AT POST NIGHOJE KHED PUNE 410501,NIGHOJE",,
D02682,HANG OUT RESTO & BAR,180002,FL III (Permit Room),SM1=TULSIRAM Â· SM3=ABID,0.0,0.0,PUNE,,SHOP NO 1 TO 5 NO 28/27 MILKAT NO 5/189 NIKITA ARCED DHAYARI PUNE,,
D06297,HANGOUT BEER SHOPPEE (KESHAVNGR),180004,Beer Shopee,SM3=OMKAR PAWAR,0.0,151.0,PUNE,,"SR NO, 33ASHTA-VINAYAK ORBIC SCHOOL MUNDHWA",,
D00234,HARBANS DAYA WINES,180001,FL II (Wine shop),SM1=CROSS SUPPLY,0.0,11.0,  5,411 009,"SR.NO.91/4,SHOP NO.9,VINOD VASTI,PIMPRI-CHINCHWAD,WAKAD,TAL- MULSHI,DIST-PUNE",,
D07508,HARSH BEER SHOPEE,180004,Beer Shopee,SM3=SURESH NAIR,0.0,40.0,PUNE CITY,,"S NO 135/ A/53 , GOVINDA APART , SHOP NO 1 AND 2 , NEAR YASHDEEP SOCIETY, WARJE",,
D06403,HARSH MANGAL BEER SHOPEE ( BARAMATI ),180004,Beer Shopee,SM1=Z SHANKAR SHINDE Â· SM3=SURESH NAIR,0.0,1555.0,PUNE,,"WALNAT RESIDANCY SHO.PRAGATI NAGAR,BARAMATI,",,
D07339,HARSHAD BEER SHOPEE ( BARAMATI ),180004,Beer Shopee,SM3=SURESH NAIR,0.0,30.0,,,"MIKAT NO 264, SONGAON , TAL BARAMATI , DIST PUNE",,
D07373,HEMANT BEER SHOPEE (OTUR),180004,Beer Shopee,SM3=SURESH NAIR,0.0,0.0,,,"BALAJI PLAZA, OTUR, TAL-JUNNAR DIST-PUNE",,
D07435,HEMRAJ HOTEL,180002,FL III (Permit Room),SM3=SURESH NAIR,0.0,10.0,,,SR NO 64/5/321 MUMBAI BANGGLORE BYPASS RAVET,,
D00086,HERITAGE WINES (ALEPHATA),180001,FL II (Wine shop),SM3=SURESH NAIR,0.0,40.0,,,ALEPHATA DIST :- PUNE,,
D07526,HIMANSHU BEER SHOPEE,180004,Beer Shopee,SM3=SURESH NAIR,0.0,0.0,PUNE CITY,410405,"BULDING GATE NO 56, KANHE VILLAGE, MAVAL, NEAR ATITHI",,
D07260,HIRA BEER SHOPEE ( DIGHI),180004,Beer Shopee,SM3=SURESH NAIR,0.0,0.0,PUNE,,KRUSHNA NAGAR SAMBHAJI CHWOK DIGHI PUNE,,
D07341,HIRA GARDEN  (JEJURI),180002,FL III (Permit Room),SM3=SURESH NAIR,0.0,0.0,,,"GATE NO 250 , MILKAT NO 868 , JEJURI ROAD , PUNE ",,
D06438,HOUSE OF WINE (VIMANNAGAR),180004,Beer Shopee,SM3=SURESH NAIR,0.0,65.0,PUNE,,S.NO. 199//204/205. PL NO  SHOP NO 3 KONARK ARCADE VIMANNAGAR PUNE,,
D00072,INFINITI  WINES (LOHEGAON),180001,FL II (Wine shop),SM1=SACHIN KAMBLE Â· SM2=AJAY,0.0,20.0,PUNE,411 001,S NO. 296.HISSA NO 4/1 RAVEL ORCHID BLDG SHOP NO 6 SILVEROAK HOUG SOCTY LOHEGAON,,
D07503,INSTITUTE OF ARMAMENT TECHNOLOGY,180001,FL II (Wine shop),SM3=SURESH NAIR,0.0,1.0,PUNE CITY,,"SINHGAD ROAD , KHADAKKWASALA",,
D07456,ISHITA BEER AND WINE SHOPEE,180004,Beer Shopee,SM3=SURESH NAIR,0.0,56.0,,,"Building-SHOP NO 8 A WING PUS,street-MOSHI ALANDI ROAD ,Area-DUDULGAON, Landmark-OPP HOTEL SITAI, Ci",,
D01401,J K LIQUOR WORLD,180001,FL II (Wine shop),SM1=SACHIN KAMBLE Â· SM2=AJAY,0.0,5.0,  6A,,"S.NO. 7, PART NO. 3, PLOT NO. 18, NEAR RAKSHAK NAGA KHARDI, PUNE",,
D07563,J R WINES ,180001,FL II (Wine shop),SM3=SURESH NAIR,0.0,30.0,PUNE CITY,,"GAT NO-1127MILKAT NO 3595 SH NO - 01 , 02 & 03 SIDDHI PARK GANESH NG , AVHAL WADI , WAGHOLI",,
D07347,J.J BEER SHOPEE ( FURSUNGI ),180004,Beer Shopee,SM3=SURESH NAIR,0.0,0.0,PUNE,412308,"PAPDE VASTI , FURSUNGI , TAL HAVELI , DIST PUNE ",,
D06487,JADHAV BEER SHOPEE ( LONAVALA ),180004,Beer Shopee,SM1=Z SANTOSH JAGTAP Â· SM3=SURESH NAIR,0.0,31.0,PUNE,,MALA NO.7.CITY SURVE NO NEAR VIDYA B WARD GAVALI WADA LONAVALA,,
D07378,JADHAV BEER SHOPEE (LONAVALA),180004,Beer Shopee,SM3=SURESH NAIR,0.0,448.0,,,"MILKAT NO.22/9, SHOP NO.7,PLOT NO.73,80, GAT NO.221/1,KUSGAON,TA-MAVAL,PUNE",,
D00092,JADHAV WINES (LONAVALA),180001,FL II (Wine shop),SM1=Z NITIN KAPRE Â· SM3=SURESH NAIR,0.0,152.0,,410401,ANNAPURNA BOMBAY PUNE ROAD,,
D07344,JAI HOTEL (MALEGAON ),180002,FL III (Permit Room),SM3=SURESH NAIR,0.0,0.0,PUNE CITY,,"GATE NO 293 , MILKAT NO 2676 , MALEGAON , BARAMATI ",,
D07457,JAIPAL-DIMPLE AGARWAL (UMESH COUNTRY KHED),180006,CL III (OTHERS),SM3=SURESH NAIR,0.0,0.0,,,VASULI PLOT NO PAP/VR-12 1ST FLOOR PHASE - 2 CHAKAN MIDC TAL KHED DIST PUNE	,,
D07434,JANJIR BEER SHOPEE (DONJE),180004,Beer Shopee,SM3=SURESH NAIR,0.0,0.0,,,"GAT NO 127, SINHAGAD ROAD, GORHE BUDRUK, DONJE PHATA, PUNE",,
D07255,JAYSHREE WINES (NIGDI),180004,Beer Shopee,SM3=SURESH NAIR,0.0,0.0,PUNE,,G NO 271 MILK AT NO 1606 /1640 NANEKAR WADI CHAKAN TALUKA KHED DIST PUNE PUNE,,
D00100,JIGAR WINES,180001,FL II (Wine shop),SM1=SHASHANK Â· SM2=DEEPAK PATIL Â· SM3=SURESH NAIR,0.0,30.0,  2A,411 013,"MAHARAJA COMPLEX SHOP NO.22, KOTHRUD PUNE-.",,
D07379,K.K. BEER SHOPEE (JUNNAR),180004,Beer Shopee,SM2=AJAY Â· SM3=SURESH NAIR,0.0,0.0,,,"PARGAON MADH, TAL-JUNNAR DIST-PUNE",,
D07261,K.K.BEER SHOPEE ( RAJGURUNAGAR ),180004,Beer Shopee,SM3=SURESH NAIR,0.0,0.0,PUNE,,RAJGURUNAGAR AHILYADEVI CHOWK KHE RAJGURU NAGAR PUNE,,
D00102,K.M.AGARWAL WINES,180001,FL II (Wine shop),SM1=SHASHANK Â· SM2=DEEPAK PATIL Â· SM3=SURESH NAIR,0.0,70.0,  8,411 003,"18/2,NEW BAZAR KIRKEE PUNE-3",,
D00412,KALAL WINES,180001,FL II (Wine shop),SM1=SACHIN KAMBLE Â· SM2=AJAY Â· SM3=OMKAR PAWAR,0.0,50.0,  2,411 001,"SHOP.NO.11,AMAR ENCLAVE PUNE-SHOLAPUR RD, OPP.A.S.P.T,PUNE-1",,
D07340,KALPARANJAN HOTEL (MORGAON SUPA),180002,FL III (Permit Room),SM3=SURESH NAIR,0.0,10.0,PUNE CITY,,"GATE NO 426/2 , KALKHEDWADITAL , BARAMATI , DIST PUNE ",,
D07380,KAMBLE BEER SHOPEE (LONAVALA),180004,Beer Shopee,SM3=SURESH NAIR,0.0,20.0,,,"APS GRAND APARTMENT, BHANGARWADI ROAD, BHANGARWADI, LONAVALA	",,
D07436,KARACHI BIRYANI HOUSE (RAHATANI),180002,FL III (Permit Room),SM3=SURESH NAIR,0.0,0.0,,,"KARACHI BIRYANI HOUSE, OFFICE NO 404405 ROYAL TRANQUIL, 4th FLOOR SR NO 6 KOKANE CHOWK RAHTANI, Pimp",,
D00106,KAUSHAL WINES,180001,FL II (Wine shop),SM1=Z KISHOR CHANDAK Â· SM3=SURESH NAIR,0.0,10.0,,411 018,S.NO.167 PIMPRI PUNE,,
D07458,KHUSHBOO BEER SHOPEE ( BOPKHEL ),180004,Beer Shopee,SM3=SURESH NAIR,0.0,100.0,PUNE CITY,,"SR NO 148/1/1/61 , SHOP NO 2 , GANESH NAGAR , BOPKHEL",,
D07381,KINGS BEER SHOPEE 342 (MANCHAR),180004,Beer Shopee,SM3=SURESH NAIR,0.0,40.0,,,"MILKAT NO.305/265,WARD NO.1,PUNENASHIK ROAD,MANCHAR, TAL-AMBEGAON DIST-PUNE",,
D07346,KINGS RESTAURANT ( DAUND),180002,FL III (Permit Room),SM3=SURESH NAIR,0.0,10.0,PUNE CITY,413801,"GATE NO 97 , LINGALI ROAD , DAUND ",,
D06323,KINGSTON BEER SHOPPEE (HADAPSAR),180004,Beer Shopee,SM3=SURESH NAIR,0.0,25.0,PUNE,,SR NO. 14910-11A SHOP NO 4 DALVI VASTI MAGARPATTA RD HADAPSAR,,
D07382,KIRAN BEER SHOPEE 365 (KHED),180004,Beer Shopee,SM3=SURESH NAIR,0.0,30.0,,,"MILKAT NO.2158,GAT NO.400/5, WADA,TAL-KHED,DIST-PUNE",,
D07383,KISHOR BEER SHOPEE (CHAKAN),180004,Beer Shopee,SM3=SURESH NAIR,0.0,20.0,,,"MAHATMA PHULE CHOWK,CHAKAN TAL KHED DIST PUNE",,
D07384,KISMAT RESTAURANT & BAR (LONAVALA),180002,FL III (Permit Room),SM3=SURESH NAIR,0.0,8.0,,,"G WARD-350,NEAR L.M.C.SHIVAJI CHOWK, LONAVALA, TAL. MAVAL,DIST-PUNE.",,
D00111,KISMAT WINES (LONAVALA),180001,FL II (Wine shop),SM1=Z NITIN KAPRE Â· SM3=SURESH NAIR,0.0,10.0,PUNE,,"SHOP NO.2,PLOT NO.4. F.WARD DHANDAKAR BLDG LONAVALA",,
D00425,KOHINOOR WINES (BANER),180001,FL II (Wine shop),SM1=SHASHANK Â· SM2=DEEPAK PATIL,0.0,70.0,  5,411 004,"S.No.40, GODREJ HILLSIDE1, MLCP TOWER, SHOP No.2 GROUND FLOOR, MAHALOONGE ROAD BANER PUNE",,
D07534,KOMAL WINES ,180001,FL II (Wine shop),SM1=CROSS SUPPLY Â· SM3=SURESH NAIR,0.0,0.0,PUNE,,NO 942 NORTH SADAR BAZAR SOLAPUR ROAD SOLAPUR,,
D07532,KSHITIJ BEER SHOPEE (BHOSARI),180004,Beer Shopee,SM3=SURESH NAIR,0.0,0.0,PUNE,,S.NO 1 PLOT NO 51 VORTH  LAND BUILDING  GROUND  FLOOR SHOP NO 12  INDRALAXMI BHOSARI PUNE,,
D02677,KUNAL BEER SHOPEE (CHINCHWAD ),180004,Beer Shopee,SM1=CROSS SUPPLY Â· SM3=SURESH NAIR,0.0,0.0,PUNE,,"NAKSHATRA BUILDING PREMLOK PARK,SHOP NO.17, S.NO.165/2 .CHINCHWAD",,
D00114,KUNAL WINES (HADAPSAR),180001,FL II (Wine shop),SM1=SACHIN KAMBLE Â· SM2=AJAY Â· SM3=OMKAR PAWAR,0.0,25.0,  2,411 002,"SR. NO.4,5SHOP NO.1, VITTHAL NAGAR,HADAPSAR, OPP NILGANGA HOTEL,PUNE:-",,
D01981,KUNAL WINES MART ( BHOSARI ),180001,FL II (Wine shop),SM3=SURESH NAIR,0.0,0.0,PUNE,,"PLOT NO.G-103, BHOSARI M.I.D.C.TAL-HAVELI,DIST-PUNE",,
D06836,LAKSHYA WINES ( WAKAD ),180001,FL II (Wine shop),SM1=CROSS SUPPLY Â· SM3=SURESH NAIR,0.0,20.0,PUNE,,"S.NO.146/1,B,170/3,-10 & 170/12,PRISTIN PROLIFE WING NO.P.BULDING NO.3,WAKAD",,
D02089,LAVNYA BEER SHOPPE ( MULSHI ),180004,Beer Shopee,SM1=Z SHANKAR SHINDE Â· SM3=SURESH NAIR,0.0,133.0,PUNE,,"M.NO.880,SHOP NO.15 NANDANVAN COMPLEX PAUD,TAL MULSHI",,
D01531,LEO WINE AND BEER SHOPPE (WANWADI),180004,Beer Shopee,SM3=SURESH NAIR,0.0,27.0,PUNE,,"S NO. 61/2, PLOT NO. 2 SALUNKEVIHAR ROAD, WANWADI",,
D07097,LIQUOR WORLD WINE AND DINE (UNDRI),180002,FL III (Permit Room),SM1=ATISH Â· SM3=SURESH NAIR,0.0,1.0,PUNE,411060,"SHOP NO 19 20 GROUND FLOOR VERTICAL ALCINA , MOHAMMEDWADI",,
D07385,LUCKY BEER SHOPEE (LONAVALA),180004,Beer Shopee,SM3=SURESH NAIR,0.0,166.0,,,"Building-CTS NO 14 A S NO 110,street-NEAR OLD MUMBAI PUNE ROAD,Area-TUNGARLI, Landmark-GURUKRUPA BUI",,
D07329,M J BEER SHOPEE ( FURSUNGI ),180004,Beer Shopee,SM3=SURESH NAIR,0.0,0.0,PUNE,412308,"SANKALP MARKET WING , SHOP NO 7 , PHURSUNGI , TAL HAVELI , DIST PUNE ",,
D07390,M K BEER SHOPEE (MANCHAR),180004,Beer Shopee,SM3=SURESH NAIR,0.0,75.0,,,"Building-Shop No 2,street-Manchar,Area-Manchar, Landmark-ZP Shala mage, City-Manchar",,
D00618,M R KARPE (GHODEGAON),180001,FL II (Wine shop),SM1=Z SANJAY NAGPAL Â· SM3=SURESH NAIR,0.0,0.0,PUNE,,GHODEGAON TAL : AMBEGAON DIST : PUNE,,
D00121,M S WINES (YERWADA),180001,FL II (Wine shop),SM1=SACHIN KAMBLE Â· SM2=AJAY Â· SM3=SURESH NAIR,0.0,25.0,  7,411 006,"S.NO.247/1 B.K.APTS,YERWADA, PUNE",,
D02505,M V WINES (UNDRI),180001,FL II (Wine shop),SM1=Z KISHOR CHANDAK Â· SM3=SURESH NAIR,0.0,15.0,PUNE,,"SR NO.5 , CAPALA CASSTONE , SHOP NO.4 , UNDRI M TALUKA HAVELI",,
D07386,M.H.DAUNDKAR (KHED),180006,CL III (OTHERS),SM3=SURESH NAIR,0.0,491.0,,,CHAKAN SHIKRAPUR ROAD SHELPIMPALGAON TAL KHED DIST PUNE,,
D00245,MADHURA PERMIT ROOM (MANCHAR).,180002,FL III (Permit Room),SM1=Z RAJENDRA PRASAD Â· SM3=SURESH NAIR,0.0,5.0,,,H NO 341 MANCHER AMBEDGAON DIST :- PUNE,,
D00123,MADIRA WINES (KHARADI),180001,FL II (Wine shop),SM1=SACHIN KAMBLE Â· SM2=AJAY Â· SM3=SURESH NAIR,0.0,111.0,  6,411 002,"S NO.1, /1A1/1/2, GLOBAL BUSINESS HUB SHOP NO 21,EON IT PARK KHARADI",,
D06138,MAHARAJ WINES ( JEJURI ),180001,FL II (Wine shop),SM1=Z SHANKAR SHINDE Â· SM3=SURESH NAIR,0.0,75.0,PUNE,,"GAT NO.624,C.S.NO.1516,VIDYANAGAR,JEJURI,TAL-PURANDAR,DIST-PUNE",,
D06164,MAHARAJA BEER SHOPEE (SG),180004,Beer Shopee,SM1=CROSS SUPPLY Â· SM3=SURESH NAIR,0.0,5.0,PUNE,,S. NO. 32 A/8 DATTANAGAR THERGAON PUNE,,
D00125,MAHARAJA WINE (S'NAR),180001,FL II (Wine shop),SM1=SHASHANK Â· SM2=DEEPAK PATIL Â· SM3=SURESH NAIR,0.0,98.0,  4,,DEEP BUNGLOW CHOWK SHIVAJI NAGAR PUNE,,
D00247,MAHARASHTRA WINES (LONAVALA),180001,FL II (Wine shop),SM1=Z SANTOSH JAGTAP Â· SM3=SURESH NAIR,0.0,22.0,,,ANNAPURNA GAULIWADA LONAWALA DIST:- PUNE,,
D00248,MAHESH WINES,180001,FL II (Wine shop),SM1=SACHIN KAMBLE Â· SM2=AJAY Â· SM3=SURESH NAIR,0.0,160.0,  7,,BRAHMA PARK VISHRANTWADI PUNE,,
D07338,MAHI BEER AND WINE SHOPEE,180004,Beer Shopee,SM3=SURESH NAIR,0.0,15.0,PUNE CITY,413102,"SR NO 274 , B 3 PLOT A WING , GROUND FLOOR , SHOP NO G5",,
D07453,MAITRI BEER SHOPEE,180004,Beer Shopee,SM3=SURESH NAIR,0.0,30.0,,,"GAT NO.169, SHOP NO.4, KESHAV MAGALKARYALAY, BUILDING -01, TRIVENINAGAR TALWADE PUNE",,
D07391,MALHAR HOTEL-817 (GHODEGAON),180002,FL III (Permit Room),SM3=SURESH NAIR,0.0,0.0,,,"MILKAT NO. 1466, S.NO. 177, 1+3+5 GHODEGAON, TAL-AMBEGAON DIST PUNE DIST-PUNE",,
D01376,MANGESH BEER SHOPEE,180004,Beer Shopee,SM3=OMKAR PAWAR,0.0,153.0,PUNE,,S NO 59 /A 2/2/540 TARVADE WAS MAHMADWADI HADPSAR PUNE,,
D07392,MANIKMOTI BEER SHOPEE (LONAVALA),180004,Beer Shopee,SM3=SURESH NAIR,0.0,40.0,,,"GAT NO. 164,KURVANDE, BUSHIGOAN,TAL.MAVAL",,
D00128,MANJIT PERMIT ROOM (TALEGAON),180002,FL III (Permit Room),SM1=Z RAJENDRA PRASAD Â· SM3=SURESH NAIR,0.0,22.0,,,TALEGAON DIST :- PUNE ,,
D07393,MANSI BEER SHOPEE (MANCHAR),180004,Beer Shopee,SM3=SURESH NAIR,0.0,15.0,,,"SAMARTH COMPLEX SHOP NO.12,MANCHAR, TAL-AMBEGAON DIST-PUNE",,
D00129,MARKET WINE,180001,FL II (Wine shop),SM1=CROSS SUPPLY Â· SM3=OMKAR PAWAR,0.0,15.0,  3,,"SNO 20/1 , DHANKAWADI PUNE",,
D07461,MASTANI BEER SHOPEE (GHODEGAON),180004,Beer Shopee,SM3=SURESH NAIR,0.0,10.0,PUNE,,"GALA NO.8,DEVKI PLAZA,GHODEGAON ROAD,MNACHAR, TAL-AMBEGAON DIST-PUNE",,
D07299,MAYUR FOOD CENTER HOTEL,180002,FL III (Permit Room),SM3=SURESH NAIR,0.0,0.0,PUNE,,MILKAT NO  3008 3008 1 ALE  MARKET YARD ALEPHATA TA JUNNAR PUNE,,
D07394,MAYUR HOTEL (KHED),180002,FL III (Permit Room),SM3=SURESH NAIR,0.0,11.0,,,"GAT NO.1311, MILKAT NO.6285/2, CHAKAN TAL KHED DIST PUNE",,
D06135,MEDORI RESTO BAR (HADAPSAR),180002,FL III (Permit Room),SM1=ATISH Â· SM3=SURESH NAIR,0.0,0.0,PUNE,411028,S.NO 201.168 SHOP NO 2 A WING ROHAN PLAZA SADESATRA NALI HADPSAR PUNE,,
D07448,MEET BEER SHOPEE (ALANDI),180004,Beer Shopee,SM3=SURESH NAIR,0.0,10.0,,,PUNE ALANDI ROAD WADMUKHVADI PUNE.,,
D07395,MILAN WINES (MAVAL),180001,FL II (Wine shop),SM3=SURESH NAIR,0.0,6.0,,,"243, VEHARGOAN TAL-MAVAL,DIST-PUNE.",,
D07465,MILIND BEER SHOPPE SHELPIMPALGAV),180004,Beer Shopee,SM3=SURESH NAIR,0.0,0.0,,,MILKAT NO 605 CHAKAN SHIKRAPAUR ROAD SHELPIMPALGAV PUNE,,
D07446,MODERN REST HOTEL,180002,FL III (Permit Room),SM3=SURESH NAIR,0.0,0.0,,,"S.NO.267/4,NARAYANGAON, TAL-JUNNAR, DIST-PUNE",,
D06545,MOHINI BEER SHOPPE(PIMPRI),180004,Beer Shopee,SM1=OMKAR PAWAR Â· SM3=SURESH NAIR,0.0,0.0,PUNE,,"SR.NO.101,SHIVREKHA APPT. NEHARU NAGAR PIMPRI PUNE",,
D07396,MOTIRAM HOTEL (LONAVALA),180002,FL III (Permit Room),SM3=SURESH NAIR,0.0,0.0,,,"SN NO.88/1B/1,BHUSHI VILLAGE INS SHIVAJI ROAD,LONAVALA",,
D00138,MUKESH WINES.(WAKAD),180001,FL II (Wine shop),SM1=Z SHANKAR SHINDE Â· SM3=SURESH NAIR,0.0,91.0,,,"SR.NO.193,GAT NO.6/7,SHOP NO.7 & 8,RIDHI SIDHI APPARTMENT,WAKAD,TAL-MULSHI",,
D07211,N D BEER SHOPPE (MARUNJI),180004,Beer Shopee,SM3=SURESH NAIR,0.0,0.0,PUNE,,S.NO.12/4 P.NO.553 MARUNJI  TAL- MULSHI,,
D01865,NAGMANI HOTEL (CHINCHWAD),180002,FL III (Permit Room),SM1=Z NITIN KAPRE Â· SM3=SURESH NAIR,0.0,0.0,PUNE,,"PLOT NO. PAP-1, BAJAJ SCHOOL, D-1 BLOCK, MIDC CHINCHWAD",,
D07454,NANA BEER SHOPEE (BELHE JUNNAR),180004,Beer Shopee,SM3=SURESH NAIR,0.0,426.0,,,"A/P,BELHE, TAL-JUNNAR DIST-PUNE",,
D00140,NANDA WINES,180001,FL II (Wine shop),SM1=SACHIN KAMBLE Â· SM2=AJAY,0.0,5.0,  7,411 043,"S.NO.55/ 1 + 67/ 1  B -2/1/2 , SHOP NO.1  GOKUL NAGAR DHANORI PUNE",,
D00643,NANDINI HOTEL (MANCHAR),180002,FL III (Permit Room),SM1=Z RAJENDRA PRASAD Â· SM3=SURESH NAIR,0.0,9.0,PUNE,,MANCHER TAL AMBEGAON ,,
D00623,NANDINI PERMIT ROOM,180002,FL III (Permit Room),SM1=Z RAJENDRA PRASAD Â· SM3=SURESH NAIR,0.0,0.0,,,MANCHAR DIST :- PUNE ,,
D06258,NASHA WINE AND DINE,180002,FL III (Permit Room),SM1=TULSIRAM Â· SM3=ABID,0.0,0.0,PUNE,,SHOP NO. A 4 SR NO 41 A 2 1 MAHESH GALAXY WADGAON BDK,,
D02440,NATIONAL HOTEL (DHANKAWADI),180002,FL III (Permit Room),SM1=CROSS SUPPLY Â· SM3=OMKAR PAWAR,0.0,1.0,PUNE,,S.NO 30/1 NITYANAND SOC. BALAJI NAGAR DHANKAWADI PUNE,,
D06305,NATIONAL HOTEL (HADAPSAR),180002,FL III (Permit Room),SM1=ATISH Â· SM3=SURESH NAIR,0.0,0.0,PUNE,,SR NO. 135 HISSA NO.2/2A/2 HADAPSAR,,
D06858,NATIONAL WINE & BEER SHOPPEE (H),180004,Beer Shopee,SM3=SURESH NAIR,0.0,5.0,PUNE,,SHOP NO 5 RASKAR CHOWCK MAGARPATTA ROAD HADAPSAR,,
D06905,NATIONAL WINE AND LIQUOR BAR RESTAURANT,180002,FL III (Permit Room),SM1=ATISH Â· SM3=SURESH NAIR,0.0,2.0,PUNE,,GHAR NO 161 GROUND FLOOR GHORAPADI GAON PUNE,,
D06802,NATIONALS WINE POINT BAR & REST,180002,FL III (Permit Room),SM1=CROSS SUPPLY Â· SM3=SURESH NAIR,0.0,2.0,PUNE,,SHED NO1 JAY MALHAR NEAR TOPAS TILES SANSWADI SHIRUR,,
D00662,NATRAJ PERMIT ROOM (OTUR),180002,FL III (Permit Room),SM1=Z RAJENDRA PRASAD Â· SM3=SURESH NAIR,0.0,0.0,,,OTUR TAL.JUNNAR ,,
D07398,NEELAYAM GARDEN-848-(JUNNAR),180002,FL III (Permit Room),SM3=SURESH NAIR,0.0,10.0,,,"GHAR NO 1618 GAT NP 672/1A WARULWADI, NARAYANGAON, TAL-JUNNAR DIST-PUNE",,
D00534,NELAYAM PR ROOM (NARAYANGAON),180002,FL III (Permit Room),SM3=SURESH NAIR,0.0,25.0,PUNE,,"WARULWADI NARAYANGAON, ",,
D07399,NEW ASHOKA HOTEL (NARAYANGAON),180002,FL III (Permit Room),SM3=SURESH NAIR,0.0,0.0,,,"GAT NO.1178/1, RANJANI, TAL-AMBEGAON DIST-PUNE	",,
D07442,NEW B S BEER SHOPEE,180004,Beer Shopee,SM3=SURESH NAIR,0.0,62.0,,,"VIJAY NAGAR, ALSFANSA ROAD KALEWADI PIMPRI PUNE",,
D07400,NEW MIRCHI HOTEL (VARALE),180002,FL III (Permit Room),SM3=SURESH NAIR,0.0,0.0,,,"GAT NO 50 MILKAT NO 907,VARALE",,
D06274,NEW SONAI BEER SHOPEE (AMBEGAON),180004,Beer Shopee,SM3=ABID,0.0,20.0,PUNE,,SR NO.33 JAMBHULWADI  ROAD AMBEGAON PUNE,,
D06160,NEW SONAL WINES (PREETAM WINES),180001,FL II (Wine shop),SM1=Z KISHOR CHANDAK Â· SM3=SURESH NAIR,0.0,100.0,PUNE,,YEWATBHULESHWAR PUNE SOLAPUR RD PUNE,,
D07401,NIKHIL BEER SHOPEE (OTUR),180004,Beer Shopee,SM3=SURESH NAIR,0.0,50.0,,,"Building-GAT NO 494,street-MEENA RESIDENCY,Area-EKTA NAGAR, Landmark-PUNE NASHIK HIGHWAY, City-CHAKA",,
D07397,NILAM AND TRISHA LODGING	,180002,FL III (Permit Room),SM3=SURESH NAIR,0.0,0.0,,,MILKAT NO 250 GAT NO 143 SUDWADI TAL MAVAL DIST PUNE,,
D06643,NINE DOWN TOWN WINE STORE( HINJEWADI),180001,FL II (Wine shop),SM1=CROSS SUPPLY Â· SM3=SURESH NAIR,0.0,70.0,PUNE,,"SR.NO.220/2,220/5/1,220/5/3/1,SHOP NO.14 TO 20 SAI VINTAGE REALITY,HINJEWADI,",,
D07204,NIRVANA BEER SHOPEE ( NIGDI ),180004,Beer Shopee,SM3=SURESH NAIR,0.0,0.0,PUNE,,PLOT NO 155 A SHOP NO-15 NO 23 NIGDI PUNE,,
D02301,NISARG BEER & WINE SHOPEE (SG),180004,Beer Shopee,SM3=ABID,0.0,14.0,PUNE,,"SHOP NO A 9, MAHESH GALAXY WADGAON B. PUNE",,
D00147,NITIN WINES,180001,FL II (Wine shop),SM1=Z SHANKAR SHINDE Â· SM3=SURESH NAIR,0.0,100.0,,,KASBA PETH BARAMATI DIST :-PUNE,,
D00060,NOBLE WINES,180001,FL II (Wine shop),SM3=SURESH NAIR,0.0,100.0,PUNE,,"MILKKAT NO.1771, SHIKRAPUR - PABAL ROAD. TAL-SHIRUR.",,
D07336,OMKAR BEER SHOPEE ( MULSHI ),180004,Beer Shopee,SM3=SURESH NAIR,0.0,25.0,PUNE CITY,,"AT POST MALE , TAL MULSHI ",,
D06936,P R BEER SHOPPEE (HADAPSAR),180004,Beer Shopee,SM3=SURESH NAIR,0.0,0.0,PUNE,,HISA NO 342 MANJARI BUDURK HADPSAR,,
D01582,PADMA PALACE,180002,FL III (Permit Room),SM1=CROSS SUPPLY Â· SM3=OMKAR PAWAR,0.0,0.0,  3,,"SHOP. NO. 2, THE GANESH COMPLE S.NO. 33/5/4, DHANKAWADI PUNE",,
D07349,PAIGUDE BEER AND WINE SHOPPE( SHIVANE),180004,Beer Shopee,SM3=SURESH NAIR,0.0,27.0,PUNE,,SHOP NO 2 MORE COMPLEX NO 16/13 SHIVANE PUNE,,
D07198,PALLAVI HOTEL (DAPODI),180002,FL III (Permit Room),SM3=SURESH NAIR,0.0,5.0,PUNE,,SNO 54 H NO 18 DAPODI,,
D01299,PANCHARATNA BEER SHOPPY (D),180004,Beer Shopee,SM3=OMKAR PAWAR,0.0,0.0,PUNE,,"SR. NO. 73, ASHOKA AGAM BLDG. C WING,  NEAR WONDERCITY KATRAJ, PUNE",,
D07263,PARDESHI PERMIT ROOM.(CHAKAN),180002,FL III (Permit Room),SM3=SURESH NAIR,0.0,0.0,PUNE,,"1183, CHAKAN, TAL KHED, PUNE",,
D07402,PARTY GARDEN HOTEL (JUNNAR),180002,FL III (Permit Room),SM3=SURESH NAIR,0.0,5.0,,,"AMRAPUR,TAL-JUNNAR,DIST-PUNE",,
D01172,PATIL WINES,180001,FL II (Wine shop),SM1=CROSS SUPPLY Â· SM3=SURESH NAIR,0.0,115.0,  3,,"SHOP.NO, 21, GANESH MARKET GANGA DHAM CHOWK, PUNE-37",,
D06488,PAVANA TOWN BEER SHOPEE (MAVAL KALE),180004,Beer Shopee,SM1=Z SANTOSH JAGTAP Â· SM3=SURESH NAIR,0.0,0.0,PUNE,,"GAT.NO.85,KALAE VILLAGE,TAL MAVAL,DIST-PUNE",,
D01468,PEGWINN BEER SHOPEE,180004,Beer Shopee,SM3=OMKAR PAWAR,0.0,18.0,  7,,"FLAT NO 36+37+38 /1 SHOP NO , 8 CHETANA CO. OP.H.S KALYALINAGAR PUNE",,
D07490,PESHWA WINE DINE,180002,FL III (Permit Room),SM3=SURESH NAIR,0.0,4.0,PUNE CITY,,"SR NO 241, 3/1 , A WING SHOP NO 1 AND 2 , PRATHAMESH SANKUL , WAKAD ",,
D07518,PINCACHO FAMILY RESTAURANT AND BAR,180002,FL III (Permit Room),SM3=SURESH NAIR,0.0,19.23,PUNE CITY,412308,"SR NO 94/1, KATRAJ BAYPASS RD , HANDEWADI , NEAR MAYUR WEIGHT , AUTADWADI",,
D06422,PINGARA HOTEL (BAVDHAN),180002,FL III (Permit Room),SM1=TULSIRAM Â· SM3=SURESH NAIR,0.0,17.95,PUNE,,S NO 298 1 AND 293 3 MILKAT 0786 NEAR DSK TOYOTA,,
D07266,POOJA BEER SHOPEE ( MARKAL ),180004,Beer Shopee,SM3=SURESH NAIR,0.0,160.0,PUNE,,"A/P-MARKAL,TAL-KHED,DIST-PUNE,MARKAL MIDC.",,
D00249,POONA WINES(MAZDA & SONS),180001,FL II (Wine shop),SM1=CROSS SUPPLY Â· SM3=OMKAR PAWAR,0.0,45.0,  3,,"BIBVEWADI, PUNE",,
D07449,POONAM BEER SHOPEE (BHOSARI),180004,Beer Shopee,SM3=SURESH NAIR,0.0,20.0,,,SANKESHWAR COMPLEX BHOSARI MIDC INDRAYANI NAGAR BHOSARI PUNE.,,
D07374,PRANAV HOTEL (NARAYANGAON),180002,FL III (Permit Room),SM2=DEEPAK PATIL Â· SM3=SURESH NAIR,0.0,15.0,,,"Old Sr No 326-3 New Sr No 354-5-1,Near Walzade Mala",,
D07348,PRASHANT WINE & BEER SHOPE ( KUNJIRWADI),180004,Beer Shopee,SM3=SURESH NAIR,0.0,125.0,PUNE,,BULIDING SHOP NO 8 STREET TUPE COMPLEX THEUR PHATA  KUNJIRWADI PUNE,,
D07450,PRATAP BEER AND WINE SHOPEE,180004,Beer Shopee,SM3=SURESH NAIR,0.0,20.0,,,"GAT NO 51, SHOP NO 11,MOSHI ALANDI ROAD, MANTHAN BUILDING, DUDULGAV TAL HAVELI DIST PUNE",,
D02684,PRATHAM WINES WORLD ( BANER),180001,FL II (Wine shop),SM1=SHASHANK Â· SM2=DEEPAK PATIL Â· SM3=SURESH NAIR,0.0,71.0,PUNE,411045,"SHOP NO 2/3  MOUNT UNIQUE SOC, BANER 45",,
D07224,PRATHAMESH BEER SHOPEE (PIMLE NILAKH),180004,Beer Shopee,SM3=SURESH NAIR,0.0,21.0,PUNE,,SHOP NO 4 MORYA SHITIZ KRANTI NAGAR PIMPLE NILAKH SUNDH CAMP PUNE,,
D07447,PRATHAMESH BEER SHOPEE-340 (MULSHI),180004,Beer Shopee,SM3=SURESH NAIR,0.0,0.0,,,"M.NO. 116, KUMBHERI, KUMBHERI,TAL- MULASHI PUNE",,
D06204,PRATHAMSHREE WINES (MAHLUNGE),180001,FL II (Wine shop),SM1=CROSS SUPPLY Â· SM3=SURESH NAIR,0.0,0.0,,,SR.NO 45/1/2 MILKAT NO 703 SHOP NO 8.9 MAHLUNGE TA MULSHI DIST. PUNE,,
D07437,PRATIK HOTEL (BHOASRI),180002,FL III (Permit Room),SM3=SURESH NAIR,0.0,0.0,,,"SN 19/2, DHAVADE VASTI BHOSARI",,
D06669,PRINCE WINE & BEER SHOPEE,180004,Beer Shopee,SM3=SURESH NAIR,0.0,5.0,PUNE,,PUNE SOLAPUR ROAD GADI TAL HADPSAR,,
D06381,PRUTHVIRAJ BEER SHOPEE (MIDC-BARAMATI),180004,Beer Shopee,SM1=Z SHANKAR SHINDE Â· SM3=SURESH NAIR,0.0,25.0,PUNE,,"MILKAT NO, 473, GAT NO. 295 SA M I D C TAL BARAMATI",,
D07403,PUJA BEER SHOPEE,180004,Beer Shopee,SM3=SURESH NAIR,0.0,0.0,,,"A/P-MARKAL,TAL-KHED,DIST-PUNE,MARKAL MIDC.	",,
D07404,PUMBAI GATE (KIWALE),180002,FL III (Permit Room),SM3=SURESH NAIR,0.0,0.0,,,"S NO 36 12B S S LANDMARK SHAGUN GROUND FLOOR KIWALE ,OPPOSITE TO D MART STORE",,
D06793,QUARTER NINTY BAR AND RESTAURANT,180002,FL III (Permit Room),SM1=CROSS SUPPLY Â· SM3=SURESH NAIR,0.0,2.0,PUNE,,BHARAT PETROL PUMP RAJANGAON SHIRUR PUNE,,
D07406,R A BEER AND WINE SHOPEE (TALEGAON),180004,Beer Shopee,SM3=SURESH NAIR,0.0,0.0,,,"Building-PLOT NO 127 B CTS NO,street-TAPODHAN COLONY,Area-TALEGAON DABHADE, Landmark-SAVANT CORNER, ",,
D02462,R B BEER SHOPEE (H),180004,Beer Shopee,SM3=OMKAR PAWAR,0.0,100.0,PUNE,,SR NO 163/1A 25 BHOSALE NAGAR HADAPSAR  PUNE,,
D07405,R K  HOTEL (JUNNAR),180002,FL III (Permit Room),SM3=SURESH NAIR,0.0,0.0,,,"MALMATTA NO 4073 NAGAR-ALEPHATA ROAD ALE,TQ JUNNAR DIST PUNE	",,
D01254,R K BEER SHOPEE (AUNDH),180004,Beer Shopee,SM3=OMKAR PAWAR,0.0,0.0,PUNE,,SR NO.240 SHOPE NO.B-7 DP ROOD AUNDH PUNE,,
D07498,R K BEER SHOPPEE,180004,Beer Shopee,SM3=SURESH NAIR,0.0,5.0,PUNE CITY,,"SR NO 43 , ASHOK NAGAR , SHOP NO C/S 29 , KHARADI HADAPSAR BYPASS RD , CHANDAN NAGAR , PUNE",,
D07375,R K WINE BEER BAR AND PERMIT ROOM (GHODEGAON),180002,FL III (Permit Room),SM3=SURESH NAIR,0.0,0.0,,,"GAT NO 172/13/B ,MILKAT NO 2186,GHODEGAON TAL-AMBEGAON DIST-PUNE",,
D02617,R K WINES (KATRAJ),180001,FL II (Wine shop),SM1=CROSS SUPPLY Â· SM3=OMKAR PAWAR,0.0,5.0,PUNE,,"SR. NO. 83/2,A/2/1 VARDHMAN GARDEN, SHOP NO. 20/21 KATRAJ",,
D07664,R R BEER AND WINE SHOPEE,180004,Beer Shopee,SM3=SURESH NAIR,0.0,30.0,,,SAGAR ASHIYANA SHOP NO. 1 BAVDHAN PUNE,,
D06410,R.R.WINES ( SHIVANE ),180001,FL II (Wine shop),SM1=Z SHANKAR SHINDE Â· SM3=SURESH NAIR,0.0,0.0,PUNE,,"SR.NO.14,BHIKOBADADA,MORENAGAR,NDA.ROAD SHIVANE,TAL-HAVELI,DIST-PUNE",,
D01268,R.T.BEER SHOPEE,180004,Beer Shopee,SM3=SURESH NAIR,0.0,5.0,PUNE,,"SHOP,NO. 15, S.NO.36,ADARSH COL., TINGARENAGR,PUNE",,
D00272,RACHANA HOTEL S.NAGAR (RLY STN),180002,FL III (Permit Room),SM1=PRASHANT THORAT,0.0,5.0,  4,411 005,"NEAR SHIVAJINAGAR RLY STATION, PUNE",,
D01861,RAHUL WINES(THERGAON),180001,FL II (Wine shop),SM1=Z SANJAY NAGPAL Â· SM3=SURESH NAIR,0.0,26.0,PUNE,,"S.NO.13/12 THERGAON,TAL-MULSHI, DIST-PUNE",,
D07646,RAJ BEER SHOPEE (LONAVALA) ,180004,Beer Shopee,SM3=SURESH NAIR,0.0,30.0,PUNE,,"BANGARWADI , LONAVALA ",,
D02699,RAJ WINES & WINE SHOPEE (WARJE) (SG),180004,Beer Shopee,SM1=TULSIRAM Â· SM3=SURESH NAIR,0.0,28.0,PUNE,411052,NEHA COMPLEX SHOP NO 4 SR.NO 15 NDA ROAD PUNE WARJE,,
D02287,RAJ WINES ( HINJEWADI ),180001,FL II (Wine shop),SM3=SURESH NAIR,0.0,2.0,PUNE,,"SR.NO.6/11,GAT.NO.538,HINJEWADI,TAL-MULSHI,DIST-PUNE",,
D00179,RAJ WINES ( VISHRANTWADI),180001,FL II (Wine shop),SM1=SACHIN KAMBLE Â· SM2=AJAY Â· SM3=SURESH NAIR,0.0,10.0,  7,,"S.NO 111,PLOT NO.198,BLDG.NO. SHOP NO.12.GADIWADAR HSG.SOC VISHRANTWADI.",,
D00467,RAJANI GANDHA HOTEL (HADAPSAR),180002,FL III (Permit Room),SM1=ATISH Â· SM3=SURESH NAIR,0.0,15.0,  2,411 028,"SHOP NO.17, AMARPEET BLDG, HADAPSAR",,
D01764,RAJDHANI BEER SHOPPY & WINE,180004,Beer Shopee,SM1=CROSS SUPPLY Â· SM3=OMKAR PAWAR,0.0,5.0,PUNE,,"SR. NO. 161, VASTU SAMRUDHI APTS,SHOP NO. 9 BHOSALENAGAR HADAPSAR",,
D00183,RAJDHANI WINES,180001,FL II (Wine shop),SM1=SACHIN KAMBLE Â· SM2=AJAY Â· SM3=OMKAR PAWAR,0.0,4.0,  2,411 028,CTS.NO.1 SHOP NO.7 HADAPSAR PUNE,,
D02531,RAJHANS WINES (BARAMATI),180001,FL II (Wine shop),SM1=Z SHANKAR SHINDE Â· SM3=SURESH NAIR,0.0,0.0,PUNE,,"GANESH COMPLEX SHOP.NO.37,INDAPUR CHOWK, BARAMATI",,
D07451,RAJVEER BEER SHOPEE (MOSHI),180004,Beer Shopee,SM3=SURESH NAIR,0.0,26.0,,,"GAT NO 272, 1/6, GAIKWAD WASTI, NASHIK HIGHWAY, MOSHI TOLL NAKA, MOSHI, TAL HAVELI, DIST PUNE",,
D07407,RAJYOG COUNTRY BAR,180006,CL III (OTHERS),SM3=SURESH NAIR,0.0,30.0,,,BLOCK NO.1 RUPEE NAGER TALWADE PUNE,,
D02441,RASAGANDHA (GANDHARVA ) RESTAURANT (SHIVAJINAGAR),180002,FL III (Permit Room),SM1=PRASHANT THORAT Â· SM3=SURESH NAIR,0.0,5.0,PUNE,,1291/1292 J.M. ROAD SHIVAJINAGR PUNE,,
D06296,RASRAJ BEER SHOPPEE (WARJE),180004,Beer Shopee,SM1=TULSIRAM Â· SM3=SURESH NAIR,0.0,108.0,PUNE,,S NO. 106/1/3 KARAN PLAZA 2 SHOP NO. 4 WARJE,,
D06920,RAUT WINES (PUNAWALE),180001,FL II (Wine shop),SM1=Z SANTOSH JAGTAP Â· SM2=AJAY Â· SM3=SURESH NAIR,0.0,18.0,PUNE,,SHOWROOM NO 3 AND 4 STILT FLOOR SAI PARDESE BUILDING NO 1.S NO 12/1 TO 12/7 PLOT NO C PUNAWALE PUNE,,
D07520,RAVAJI PATIL  RESORT,180002,FL III (Permit Room),SM3=ABID,0.0,1.0,PUNE,,"GAT NO 22 1A KASHEDI TAL VELHE , KASHEDI, Koshimghar, Velhe, WADGAON BK , Sinhgad Road,",,
D07408,REAL STAR BEER SHOPEE (JUNNAR),180004,Beer Shopee,SM3=SURESH NAIR,0.0,20.0,,,"MILKAT NO.819,AGAR MAHADEVNAGAR, TAL-JUNNAR DIST-PUNE",,
D00283,REGAL WINES (LONAVALA),180001,FL II (Wine shop),SM1=CROSS SUPPLY Â· SM3=SURESH NAIR,0.0,25.0,PUNE,,B P ROAD LONAVALA DIST :- PUNE,,
D01373,RELAX  BEER SHOPEE (B.T.KAWADE),180004,Beer Shopee,SM3=OMKAR PAWAR,0.0,0.0,PUNE,,SURVEY NUM 73 ESTERN COURT B T KAWADE ROAD GHORPADI,,
D02345,RELAX  HOTEL(BHOR)-1251,180002,FL III (Permit Room),SM1=Z KISHOR CHANDAK Â· SM3=SURESH NAIR,0.0,0.0,PUNE,,MAGALWAR PETH BHOR,,
D02349,RELAX BEER SHOPPE(DAUND),180004,Beer Shopee,SM1=Z KISHOR CHANDAK Â· SM3=SURESH NAIR,0.0,675.0,PUNE,,SAMRUDHI APPRT SHOP NO. 11 DAUND,,
D02275,RELAX WINES ( PIMPRI ),180001,FL II (Wine shop),SM1=Z KISHOR CHANDAK Â· SM3=SURESH NAIR,0.0,5.0,PUNE,,"ROYAL AVENUE SHOP NO.1,SR.NO.18/11/6,RAHATNI TAL-HAVELI,DIST-PUNE",,
D00284,RELAX WINES (BIBEWADI),180001,FL II (Wine shop),SM3=SURESH NAIR,0.0,0.0,  3,411 037,"588/2B,PLOT NO.10 SHOP NO.1.SUNITA APTS. BIBEWADI",,
D06842,REWA WINES (WAKAD),180001,FL II (Wine shop),SM1=CROSS SUPPLY Â· SM3=SURESH NAIR,0.0,23.0,PUNE,,S NO 240/1 OZONE SHRING DATTA MANDIR ROAD NEAR WAKAD B R T STATION RD WAKAD,,
D01878,RITHIK WINES( D.V.WINES),180001,FL II (Wine shop),SM3=SURESH NAIR,0.0,0.0,PUNE,,"PRIVIA SQUARE LC 1/1,SHOP NO.11,12,SPINE CITY ROAD,PRADHIKARAN,MOSHI",,
D07409,ROHAN BEER SHOPEE-285 (KHED),180004,Beer Shopee,SM3=SURESH NAIR,0.0,20.0,,,"KHARABWADI,CHAKAN,TAL-KHED,DIST-PUNE.",,
D07473,ROHIT BEER SHOPEE ( FURSUNGI ),180004,Beer Shopee,SM3=SURESH NAIR,0.0,150.0,PUNE CITY,,"BUILDING SR NO 173 , HISSA NO 2 STREET , PUNE SASWAD RD , FURSUNGI",,
D01284,ROHIT BEER SHOPPY (VIMANNAGAR),180004,Beer Shopee,SM1=OMKAR PAWAR Â· SM3=SURESH NAIR,0.0,0.0,PUNE,,"VIMAN PRIDE SOCIETY, SHOP NO. 8, VIMANNAGAR, PUNE",,
D01990,ROHIT WINES ( PHURSUNGI )(ANGOOR ),180001,FL II (Wine shop),SM1=SACHIN KAMBLE Â· SM2=AJAY Â· SM3=SURESH NAIR,0.0,30.0,PUNE,,"SR.NO.169,SHOP NO.8,SATYAPURAM HOU.SOCITY PHURSUNGI,TAL-HAVELI,DIST-PUNE",,
D07337,ROYAL BEER SHOPEE ( VEER ),180004,Beer Shopee,SM3=SURESH NAIR,0.0,0.0,PUNE CITY,412312,"MILKAT NO 1535 , VEER , TAL PURANDAR , DIST PUNE ",,
D02596,ROYAL BEER SHOPEE ( WAKAD ),180004,Beer Shopee,SM1=Z KISHOR CHANDAK Â· SM3=SURESH NAIR,0.0,40.0,PUNE,,"SR.NO.173/2/2,WINSEAR PARK,SHOP NO.12,NEAR DOMINOZ PIZZA,WAKAD",,
D06439,ROYAL BEER SHOPEE (868 SG),180004,Beer Shopee,SM3=OMKAR PAWAR,0.0,4.0,PUNE,,S NO. 1201 1 SUS ROAD PASHAN,,
D07288,ROYAL BEER SHOPPEE ( PIMPLE GURAV),180004,Beer Shopee,SM3=SURESH NAIR,0.0,40.0,PUNE CITY,411061,"SR NO 25/5 , SAINATH NAGAR , PIMPLE GURAV , PCMC WARD NO 29",,
D07367,ROYAL INN HOTEL ( DEVENDRA) (JUNNAR),180002,FL III (Permit Room),SM3=SURESH NAIR,0.0,0.0,,,"GATE NO.48/1B,SITEWADI POST PARGAON, TAL-JUNNAR DIST-PUNE",,
D07410,ROYAL PALMS (TALEGAON),180002,FL III (Permit Room),SM3=SURESH NAIR,0.0,0.0,,,"CTS NO 417 PLOT NO 79 NEW SARVE NO 46 49 TAPODHAM COLONY TALEGAON DABHADE,TAPODHAM COLONY",,
D07051,RR BEER SHOPEE (SG) (MULSHI),180004,Beer Shopee,SM3=SURESH NAIR,0.0,20.0,PUNE,,"SAGAR OCEANA,SR NO.22,BAVDHAN , KD,PUNE-411021, MULSHI & VELHA, PUNE",,
D07411,RSD BEER SHOPEE (TALEGAON),180004,Beer Shopee,SM3=SURESH NAIR,0.0,0.0,,,"PLOT NO: 291/292, MANOHARNAGAR, TALEGAON DABHADE, TAL: MAVAL, DIST: PUNE.",,
D00195,RUCHIRA WINES (BANER),180001,FL II (Wine shop),SM1=SHASHANK Â· SM2=DEEPAK PATIL Â· SM3=SURESH NAIR,0.0,15.0,  4,,"CRIMSON DALE  D BUILDING  SHOP NO 2 SR NO  30/2 ,30/3 BANER",,
D07412,RUDAY PALACE (KHED),180002,FL III (Permit Room),SM3=SURESH NAIR,0.0,0.0,,,"Gat No 1432 Kanhersar , Kanhersar , Kanhersar, Khed, Pune	",,
D01158,RUKSONS BEER SHOPPE,180004,Beer Shopee,SM3=OMKAR PAWAR,0.0,318.0,  1,,"SHOP NO. 2, BUILDING 10 NORTH OPP KALAYANI BUNGLOW KALYANI NGR",,
D02261,S J BALSARA & CO,180001,FL II (Wine shop),SM1=SACHIN KAMBLE Â· SM2=AJAY Â· SM3=OMKAR PAWAR,0.0,145.0,PUNE,,SHOP NO.11 BRAHMA MAGIESTIC  NIBM ROAD KONDHWA PUNE,,
D07304,S K RESTO AND BAR (MULSHI),180002,FL III (Permit Room),SM1=CROSS SUPPLY Â· SM3=SURESH NAIR,0.0,6.0,PUNE,,S.NO 124 LIFE REPUBLIC SHOP NO 57 AND 58  GROUND FLOOR AVENUE 9 JAMBE  TAL MULSHI UNE,,
D02700,S MART BEER SHOPPY,180004,Beer Shopee,SM3=SURESH NAIR,0.0,30.0,PUNE,,"SHOP NO. C/,S.45, SR. NO. 43,HISSA NO. 1+2/3/4/5 NAGAR ROAD",,
D07212,S N BEER SHOPPEE (KOKATE WASTI),180004,Beer Shopee,SM3=SURESH NAIR,0.0,0.0,PUNE,,"SR NO , 19 1 5 GOLDEN, D WING, KOKATE WASTI, PUNE , MULSHI PUNAWALE, 411035",,
D07218,S P BEER SHOPEE,180004,Beer Shopee,SM3=SURESH NAIR,0.0,50.0,PUNE,,"SAI RESIDENCY, CHINCHWAD, TAL.HAVELI DIST. PUNE",,
D07455,S R BEER AND WINE SHOPEE,180004,Beer Shopee,SM3=SURESH NAIR,0.0,25.0,,,"Building-MIDC PAP 9 Nighoje,street-MIDC,Area-Nighoje, Landmark-Opp Mercedes Benz Company , City-Pune",,
D00413,S R WINES (KOTHRUD),180001,FL II (Wine shop),SM1=SHASHANK Â· SM2=DEEPAK PATIL Â· SM3=SURESH NAIR,0.0,45.0,  5A,411 011,A.J. ARCADE CITY  SR. NO.1615  SHOP NO 6 SR NO 51/3/1 KOTHRUD PUNE 411038,,
D01969,S.B.DAINE WINES.,180001,FL II (Wine shop),SM1=Z SANJAY NAGPAL Â· SM3=SURESH NAIR,0.0,0.0,PUNE,,"HOUSE NO:-374, MANCHAR, TAL-AMBEGAON,",,
D07413,S.H.BEER SHOPEE (TALEGAON),180004,Beer Shopee,SM3=SURESH NAIR,0.0,0.0,,,"GALA NO.1,DURGA HEIGHTS,ANANDNAGAR CHAKAN TALEGOAN ROAD, TALEGOAN DABHADE,TAL. MAVAL,DIST .PUNE",,
D00120,S.M.GHULE WINES(M.P.GHULE),180001,FL II (Wine shop),SM1=SHASHANK Â· SM2=DEEPAK PATIL,0.0,5.0,  2A,,"1251/ 5,F.C. ROAD DECCAN GYHAMKHANA PUNE",,
D07350,SACHIN BEER SHOPEE (DEHU ROAD ),180004,Beer Shopee,SM3=SURESH NAIR,0.0,0.0,PUNE,,AASHMAN PRIDE SHOP  NO  2 KIVLESR 40/1704 DHEU ROAD  PNE,,
D00398,SACHIN WINES (DEHU ROAD),180001,FL II (Wine shop),SM1=Z SHANKAR SHINDE Â· SM3=SURESH NAIR,0.0,200.0,PUNE,,DEHUROAD DIST :- PUNE,,
D00429,SACHIN WINES (KARVE NAGAR),180001,FL II (Wine shop),SM1=SHASHANK Â· SM2=DEEPAK PATIL Â· SM3=SURESH NAIR,0.0,67.0,  5,,"YASHREE PARK,APPT SHOP NO.3/54 KARVE NAGAR MALWADI, PUNE",,
D06273,SADASHIV HOTEL (KHARDI),180002,FL III (Permit Room),SM1=ATISH Â· SM3=SURESH NAIR,0.0,6.0,PUNE,,S.R.NO 48/1 CHANDAN NAGAR  KHARADI PUNE,,
D01579,SAGAR BEER SHOPEE (BHUGAON),180004,Beer Shopee,SM3=SURESH NAIR,0.0,25.0,PUNE,,S.NO 606  AT POST BHUGAON NEAR MANAS SAROVER TA.MUSHI DIST PUNE,,
D07414,SAGAR HOTEL (DIMBE),180002,FL III (Permit Room),SM3=SURESH NAIR,0.0,0.0,,,"Gat No.3 Milkat no 171(new-183), Dimbhe, Tal-Ambegaon Dist-Pune",,
D07482,SAGAR PRASAD HOTEL ,180002,FL III (Permit Room),SM1=MIRAN DMELLO Â· SM3=OMKAR PAWAR,0.0,45.0,PUNE,,SHOP  NO 8.9 GSV VARTKA SR.NO 20 4 KHARADKAR PARK NEW RIVER ROAD KHARADI PUNE ,,
D07296,SAGAR RESTAURANT ( WAGHOLI ),180002,FL III (Permit Room),SM1=CROSS SUPPLY Â· SM3=SURESH NAIR,0.0,2.0,PUNE CITY,,"GATE NO 650 , SHOP NO 3 & 4 LAXMI PLAZA , WAGHOLI , PUNE , KESNAND RD",,
D06830,SAGAR WINES ( PUNAWALE ),180001,FL II (Wine shop),SM3=SURESH NAIR,0.0,3.0,PUNE,,"SR.NO.12/1-7 SAI MILAN BULDING GALA 12 C PLOT NO.A,KATEWASTI,PUNAWALE",,
D01020,SAGAR WINES (WAGHOLI),180001,FL II (Wine shop),SM1=Z VIJAY BHAIKATTE Â· SM3=SURESH NAIR,0.0,205.0,,,"MILKAT NO.6/0640,GAT.NO.1131,AWHALWADI ROAD,WAGHOLI,TAL-HAVELI,DIST-PUNE",,
D07223,SAHYADRI  HOTEL(CHAKAN),180002,FL III (Permit Room),SM3=SURESH NAIR,0.0,0.0,PUNE,,"Plot NO PAP S R 25 MILKAT NO647,CHAKAN INDUSTRIAL AREA PH 2",,
D00175,SAKEE WINES,180001,FL II (Wine shop),SM1=Z NITIN KAPRE,0.0,0.0,PUNE,,1302 SANAS PLAZA BAJIRAO ROAD PUNE 30,,
D01987,SAKEE WINES(WAKAD),180001,FL II (Wine shop),SM1=Z SANTOSH JAGTAP Â· SM3=SURESH NAIR,0.0,13.0,PUNE,,"S.NO. 299/2/1,SHAURYA BULDG. DUKAN NO. 1,2 WAKAD ROAD, WAKAD",,
D01127,SAMAY PALACE REST( V WADI),180002,FL III (Permit Room),SM1=SAURABH Â· SM3=OMKAR PAWAR,0.0,22.0,,,"S.NO.162/2, 6/3,ADARSH COLONY NO.5, VISHRANTWADI TINGRE NGR PUNE",,
D01947,SAMEEKSHA WINES,180001,FL II (Wine shop),SM1=SHASHANK Â· SM2=DEEPAK PATIL,0.0,5.0,PUNE,,"SAI SILICON VALLEY, A- WING, SHOP NO. 1, MOZE- BALEWADI, PUNE",,
D07237,SAMRAT WINES ( BHOR),180001,FL II (Wine shop),SM1=CROSS SUPPLY Â· SM3=SURESH NAIR,0.0,10.0,PUNE,,"371 , MANAGALWAR PETH , BHOR , TAL BHOR - PUNE",,
D02669,SAMRUDHI BEER SHOPEE( AKURDI ),180004,Beer Shopee,SM1=Z SHANKAR SHINDE Â· SM3=SURESH NAIR,0.0,128.0,PUNE,,"SHRI COMPLEX CO-OP HOS SOC, GALA NO. 1, SAMBHAJI NAGAR, AKURDI",,
D07684,SANGAM HOTEL,180002,FL III (Permit Room),SM3=OMKAR PAWAR,0.0,19.23,PUNE,412207,MILKAT NO 2 0633 1527 WAGHOLI TAL HAVELI DIST PUNE,,
D00207,SANGAM WINES (SHIVAJI NAGAR),180001,FL II (Wine shop),SM1=SHASHANK Â· SM2=DEEPAK PATIL,0.0,0.0,  4,,"CTS NO.1132/3 F.C.ROAD SHIVAJINAGAR,PUNE",,
D06158,SAPAN WINES (BANER),180001,FL II (Wine shop),SM1=SHASHANK Â· SM2=DEEPAK PATIL Â· SM3=SURESH NAIR,0.0,105.0,PUNE,411045,SANGHAVI UPSURGES.NO.111 HISS NO 11/1/1/1 SHOP NO 2 GROUND MEZZANINE  FLOOR BANER  PUNE,,
D00318,SAPNA PERMIT ROOM(ALEPHATA),180002,FL III (Permit Room),SM3=SURESH NAIR,0.0,0.0,,,ALEPHATA  ,,
D01820,SARANG BEER SHOPPY (GHORPADI),180004,Beer Shopee,SM3=SURESH NAIR,0.0,50.0,PUNE,,SR NO.66 SHOP NO 4   B T KAWADE ROAD  GHORAPADIGAON PUNE,,
D07210,SAROWAR BEER SHOPEE (CHINCHWAD),180004,Beer Shopee,SM3=SURESH NAIR,0.0,0.0,PUNE,,"SR.NO.131 ,SAROWAR COLONY, VALHERKAR WADI.CHINCHWAD",,
D07147,SATALAJ BEER SHOPEE (12 MATI),180004,Beer Shopee,SM3=OMKAR PAWAR,0.0,0.0,,,"SWAMI KRUPA COMPLAX GALA NO.15, BARAMATI, PUNE",,
D07252,SATYAM BEER SHOPEE (CHIKALI),180004,Beer Shopee,SM3=SURESH NAIR,0.0,10.0,PUNE,,DEHU ALANDI ROAD CHIKHLI PUNE,,
D06897,SATYAM HOTEL (THERGAOV),180002,FL III (Permit Room),SM3=SURESH NAIR,0.0,39.0,PUNE,,S.NO 19/9 AMMA BABA GYANJI  ASHIRWAD SHOP NO5 WAKAD PUNE,,
D01474,SATYAM WINES (SHIVAM),180001,FL II (Wine shop),SM1=SACHIN KAMBLE Â· SM2=AJAY Â· SM3=OMKAR PAWAR,0.0,45.0,  7,,"HARMAS SHOPPING CENTRE, SHOP NO. 1, SHASHTRI NGAR, PUNE,",,
D06295,SATYAM WINES (WAGHOLI),180001,FL II (Wine shop),SM1=CROSS SUPPLY Â· SM2=AJAY Â· SM3=OMKAR PAWAR,0.0,10.0,PUNE,,"GAT.NO.1329,SHOP NO.2,WAGHOLI,PUNE",,
D07415,SAUDAGHAR & LODGING,180002,FL III (Permit Room),SM2=AJAY Â· SM3=SURESH NAIR,0.0,0.0,,,"118/A/2, PIMPLE SAUDAGAR MHALUNGE, TAL MULSHI PUNE",,
D07416,SAVERA BEER SHOPEE (TALEGAON),180002,FL III (Permit Room),SM2=AJAY Â· SM3=SURESH NAIR,0.0,0.0,,,"PLOT NO.3,AVDHUT APARTMENT,MANOHARNAGAR, TALEGOAN DABHADE.",,
D07417,SAVERA HOTEL (JUNNAR),180002,FL III (Permit Room),SM3=SURESH NAIR,0.0,0.0,,,"MILKAT NO 2234, SN. 179/3,PIMPALWANDI, CHALAKWADI,TAL-JUNNAR DIST-PUNE",,
D00966,SAYALI HOTEL (KHARADI),180002,FL III (Permit Room),SM1=SAURABH Â· SM3=SURESH NAIR,0.0,2.0,  7,,"SHOP NO.3, ASHOK NAGAR, KHARADI, PUNE.",,
D00490,SAYALI PERMIT ROOM (DHANKAWADI),180002,FL III (Permit Room),SM1=CROSS SUPPLY Â· SM3=SURESH NAIR,0.0,1.0,  3,,"OPP.BHARATI HOSPITAL, SR.NO.24. DHANKAWADI,PUNE",,
D06561,SCOTCH HOUSE (N M WINES) (RAVET),180001,FL II (Wine shop),SM1=CROSS SUPPLY,0.0,15.0,PUNE,,"SR.NO.106,HISSA NO.1/2/3,TWINE TOWER,SHOP NO.3 & 4,RAVET,DIST-PUNE",,
D06011,SEA WORLD FAMILY REST AND BAR,180002,FL III (Permit Room),SM3=SURESH NAIR,0.0,0.0,PUNE,,"SHOP NO. 8S7A2A3 DATTA NGR. BESIDE SAIBA AMRUTUALYA, KATRAJ",,
D01253,SHAGUN BEER SHOPPE (KARLA),180004,Beer Shopee,SM1=Z NITIN KAPRE Â· SM3=SURESH NAIR,0.0,35.0,PUNE,,"MILKAT NO. 201, AT.POST.- KARLA, VEHARGAON, TAL- MAVAL",,
D00316,SHALIMAR WINES (old),180001,FL II (Wine shop),SM1=CROSS SUPPLY Â· SM3=SURESH NAIR,0.0,343.0,  1,,"735,SHUKRAWAR PETH PUNE",,
D07418,SHAMANAND HOTEL (MANCHAR),180002,FL III (Permit Room),SM3=SURESH NAIR,0.0,0.0,,,"S. NO 200/203/205 M NO 451/452 GHODEGAON ROAD SHIVAJI CHOWK MANCHAR, TAL-AMBEGAON DIST-PUNE",,
D07731,SHAMBHAVI BEER SHOPEE,180004,Beer Shopee,SM3=SURESH NAIR,0.0,10.0,PUNE,,"S NO 43 KAKADE TERRAS, SHOP NO 6, N D A ROAD,WARAJE, PUNE,",,
D07761,SHANTI ( SHALIMAR ) WINES,180001,FL II (Wine shop),SM1=SHASHANK Â· SM2=DEEPAK PATIL Â· SM3=ABID,0.0,0.0,PUNE,,"S. NO. 91/1 SHOP NO 2 AND 3 GROUND FLOOR, MAZZENINE FLOOR, KHADAKWASALA , TAL HAVELI DIST PUNE",,
D07444,SHARYU BEER SHOPEE,180004,Beer Shopee,SM3=SURESH NAIR,0.0,0.0,,,"DAPODI PIMPALE GURAV ROAD,DAPODI, PUNE 411012",,
D02374,SHEETAL BEER SHOPEE (D`WADI),180004,Beer Shopee,SM1=SHASHANK Â· SM3=OMKAR PAWAR,0.0,0.0,PUNE,,"S NO 23/9 HISSA NO 711, SHOPE NO 2,SHREEDHAR NAGAR BALAJI NAGAR D`WADI",,
D07419,SHEETAL HOTEL (MAVAL),180002,FL III (Permit Room),SM3=SURESH NAIR,0.0,10.0,,,"M.N.1031, GAT N.114/1/B/2/A VADGAON URSE PHATA, TAL MAVAL,DIST-PUNE.",,
D00338,SHIV PRASAD PERMIT ROOM,180002,FL III (Permit Room),SM1=Z RAJENDRA PRASAD Â· SM3=SURESH NAIR,0.0,0.0,PUNE,,"AT POST VADAGAON MAVAL, TAL - MAVAL PUNE",,
D07306,SHIVAM COUNTRY BAR,180006,CL III (OTHERS),SM3=SURESH NAIR,0.0,750.0,PUNE,,NIRMAN ARCADE DEHU ROAD PUNE,,
D07462,SHIVANSHI BEER SHOPEE,180004,Beer Shopee,SM3=SURESH NAIR,0.0,60.0,,,"Building-MILAKAT NO 107,street-GAT NO 149,Area-PAGADE WASTI,Landmark-NEAR ORBIT COMPANY , City-CHARH",,
D07464,SHIVRAHI DHABA ( CHAKAN ),180004,Beer Shopee,SM3=SURESH NAIR,0.0,0.0,,,GAT NO.216 KHARABWADICHAKANTAL KHED,,
D07440,SHREEYASH HOTEL (ALANDI),180002,FL III (Permit Room),SM3=SURESH NAIR,0.0,12.0,,,GAT NO 105 DEHU ALANDI ROAD DUDULGAV PUNE,,
D01175,SHRUSHTI WINES,180001,FL II (Wine shop),SM1=SHASHANK Â· SM2=DEEPAK PATIL,0.0,5.0,  4,,"78/5, SHIVANI COMPLEX APPT GROUND FLOOR, SHOP NO.5/6. BANER-PUNE",,
D07265,SHUBHAM BEER SHOPEE(KADUS),180004,Beer Shopee,SM3=SURESH NAIR,0.0,0.0,PUNE,,"SN.177,KADUS,KOHINDE ROAD",,
D00302,SIDDHARATH WINES,180001,FL II (Wine shop),SM1=SACHIN KAMBLE Â· SM2=AJAY Â· SM3=SURESH NAIR,0.0,79.0,  2,,SR.NO 63/1/1 SHOP NO 1THE SPACE BUILDING GRANT ROAD KHARADI,,
D07387,SIDDHESH HOTEL (JUNNAR),180002,FL III (Permit Room),SM3=SURESH NAIR,0.0,10.0,,,"GAT NO.1307 KANDALI,TAL-JUNNAR,DIST-PUNE",,
D06152,SIMRAN BEER SHOPEE ( PIMPLE-GURAV ),180004,Beer Shopee,SM1=Z SHANKAR SHINDE Â· SM3=SURESH NAIR,0.0,10.0,PUNE,,"SHOP.NO.1,VAIBHAVNAGAR,PIMPLE-GURAV,PUNE",,
D07215,SIMRAN BEER SHOPPY (PIMPLE GUR,180004,Beer Shopee,SM2=DEEPAK PATIL Â· SM3=SURESH NAIR,0.0,0.0,PUNE,,"SH.NO.1 VAIBHAVNAGAR, PIMPLE GURAV",,
D00762,SITARA HOTEL,180002,FL III (Permit Room),SM1=Z RAJENDRA PRASAD Â· SM3=SURESH NAIR,0.0,0.0,PUNE,,"567,YEDGAON,NARAYAN GAON TAL JUNNAR ",,
D07421,SIYA BEER SHOPEE,180004,Beer Shopee,SM3=SURESH NAIR,0.0,100.0,,,"SN.5135,N.P.M.N.31,SHIVKRUPA COLONY, BODKENAGAR, JUNNAR, TAL-JUNNAR DIST-PUNE	",,
D07738,SKETCH RESTAURANT AND BAR,180002,FL III (Permit Room),SM3=SURESH NAIR,0.0,0.0,PUNE,,"S.NO.139/1,WADMUKHWADI, CHARHOLI BK,PIMPRI CHINCHWAD (CORP), PUNE, Pune",,
D02598,SKY BEER SHOPEE ( WAKAD ),180004,Beer Shopee,SM3=SURESH NAIR,0.0,38.25,PUNE,,"SR.NO.173/2/2,A5,SHOP NO.7,WAKAD,TAL-MULSHI,DIST-PUNE",,
D00578,SNEHAL RESTAURANT.,180002,FL III (Permit Room),SM1=ATISH Â· SM3=SURESH NAIR,0.0,3.85,  2,411 013,PANCHRATNA APARTMENTS BHAIROBA NALA PUNE,,
D07342,SOMNATH DHABA (BARAMATI),180002,FL III (Permit Room),SM3=SURESH NAIR,0.0,10.0,PUNE CITY,,"MILKAT NO 4 /1 GATE NO 285, AT POST SAVAL , TAL PUNE ",,
D06441,SONA RESTURANT ( THERGAON ),180002,FL III (Permit Room),SM3=SURESH NAIR,0.0,39.0,PUNE,,"SR.NO.17,18,19 AND 20 LAXMITRA MARKET SR.NO.19/1/16,THERGAON PUNE",,
D00214,SONAL WINES,180001,FL II (Wine shop),SM1=CROSS SUPPLY Â· SM3=SURESH NAIR,0.0,80.0,PUNE,,"H.NO.322, KHED SHIVAPUR, TAL HAVELI,",,
D00292,SONAL WINES (S N WINES),180001,FL II (Wine shop),SM1=CROSS SUPPLY Â· SM3=SURESH NAIR,0.0,3.0,  3,,SR.NO 87  SHOP  NO 27 A WING HEMI PLAZA  PUNE SATARA ROAD KATRAJ PUNE.,,
D02052,SOUNDRYA GARDEN HOTEL,180002,FL III (Permit Room),SM1=TULSIRAM,0.0,0.0,PUNE,,SR NO115/1/1 MP 1/W 5 URIT NAGAR WARJE MALWADI PUNE,,
D02661,STAR BEER SHOPPE ( PIMPRI ),180004,Beer Shopee,SM3=SURESH NAIR,0.0,16.0,PUNE,,"C T S NO. 1405 & 1406, PLOT NO. 305,306 SHOP NO. 9,SAI VIHAR BLDG,PIMP",,
D07677,STAR BEER SHOPPEE 966,180004,Beer Shopee,SM3=SURESH NAIR,0.0,6.0,,,SURVEY NO 272 SHOP NO 6 WADGAO SHINDE ROAD LOHEGOA PUNE ,,
D06145,STAR KNIGHT BEER SHOPEE (BAVDHAN) (SG),180004,Beer Shopee,SM3=OMKAR PAWAR,0.0,16.0,PUNE,,D S K RANVARA VISHAL COMPLEX SHOP NO 2 BAVDHAN PUNE,,
D00978,STEP INN RESTAURANT(WANAWADI),180002,FL III (Permit Room),SM1=ATISH Â· SM3=SURESH NAIR,0.0,15.0,  2A,,"S.NO.66,KEDARI NAGAR, WANAWADI PUNE",,
D00967,SUDARSHAN HOTEL (KHADAKI),180002,FL III (Permit Room),SM1=PRASHANT THORAT Â· SM3=SURESH NAIR,0.0,19.23,  8,,"18, NEW BAZAR KHADKI, PUNE.",,
D07422,SUNDARAM  HOTEL (JUNNAR),180002,FL III (Permit Room),SM3=SURESH NAIR,0.0,10.0,,,"S.NO.1076 +1074 B, NEHARU BAZAR, JUNNAR,DIST-PUNE",,
D06442,SUNDARAM HOTEL ( NIGDI ),180002,FL III (Permit Room),SM1=CROSS SUPPLY Â· SM3=SURESH NAIR,0.0,27.0,PUNE,,"SHOP.NO.214,NIRMAN ARCKED, NIGDI,DEHU ROAD",,
D00354,SUPREME WINES,180001,FL II (Wine shop),SM1=CROSS SUPPLY Â· SM3=OMKAR PAWAR,0.0,10.0,  3,,"47/2A/2B,PUNE SATARA ROAD BEHIND SHILPA HOTEL SATARA RD,PUNE",,
D07376,SURBHI  HOTEL (JUNNAR),180002,FL III (Permit Room),SM3=SURESH NAIR,0.0,20.0,,,MILKAT NO 1811/1 RAJURI TAL JUNNAR DIST PUNE,,
D00699,SURUCHI PERMIT ROOM (HADAPSAR),180002,FL III (Permit Room),SM1=ATISH Â· SM3=SURESH NAIR,0.0,1.0,  2,411 028,"BHOSALE GARDEN,HADAPSAR SHOP NO.Q,S.NO.163, HADPSAR,PUNE",,
D07439,SURYODAY FAMILY GARDEN (CHIKALI),180002,FL III (Permit Room),SM3=SURESH NAIR,0.0,0.0,,,"GAT NO 452/1/1,TAPKIRI NAGAR,NASHIK ROAD,HAVELI,PUNE",,
D07423,SUYASH HOTEL (LONAVALA),180002,FL III (Permit Room),SM3=SURESH NAIR,0.0,10.0,,,"MILIKET NO 20,CST NO 35,S.NO. 236,PLOT NO 20,G WARD, LONAVALA,TAL-MAVAL,DIST-PUNE.",,
D07424,SWAGAT BEER AND WINE SHOPEE	,180004,Beer Shopee,SM3=SURESH NAIR,0.0,0.0,,,"uilding-OLD SR NO 643,street-NEW SR NO 390 1 PLOT NO 29,Area-SUN SHINE BUILDING SHOP NO 1 2, Landmar",,
D02660,SWAGAT BEER SHOPEE(TATHAWDE),180004,Beer Shopee,SM1=Z KISHOR CHANDAK Â· SM3=SURESH NAIR,0.0,72.0,PUNE,,"SR.NO. 129/1/1, TATHAVADE,TAL-MULSHI, DIST-PUNE",,
D07662,SWARAJ BEER AND WINE SHOPEE,180004,Beer Shopee,SM3=SURESH NAIR,0.0,6.0,,,"SR.NO.4/1 MILKAT NO490, HINJEWADI WAKAD ROAD, HINJEWADI, TAL. MULSHI, DIST.PUNE",,
D07335,SWARAJ BEER SHOPEE ( KOLWAN ),180004,Beer Shopee,SM3=SURESH NAIR,0.0,25.0,PUNE CITY,,"MILKAT NO 366 , AT POST KOLWAN , TAL MULSHI , DIST PUNE ",,
D02088,SWARAJ BEER SHOPEE(BHUGAON),180004,Beer Shopee,SM1=CROSS SUPPLY Â· SM3=SURESH NAIR,0.0,35.0,PUNE,,"S.NO. 518/1, BHUGAON, MULSHI",,
D00706,SWAROOP WINES,180001,FL II (Wine shop),SM1=Z SHANKAR SHINDE Â· SM3=SURESH NAIR,0.0,10.0,,411 005,S.NO.45.4 B'BAY PUNE ROAD AKURDI,,
D00360,SWASTIK WINES (WARJE),180001,FL II (Wine shop),SM1=SHASHANK Â· SM2=DEEPAK PATIL Â· SM3=SURESH NAIR,0.0,143.0,  5,,"SHOP NO.8,SR.NO.140/6, CHOICE CENTER, WARJE MALWADI. PUNE-29.",,
D00212,T R WINES,180001,FL II (Wine shop),SM1=Z SHANKAR SHINDE Â· SM3=SURESH NAIR,0.0,245.0,PUNE,411 002,"AON,BALI WARD COMPLEX,GROUND FLOOR,SHOP.NO.108,MAHOMANDWADI,TAL HAVELI",,
D00170,TAJ WINES,180001,FL II (Wine shop),SM3=SURESH NAIR,0.0,0.0,  6,411037,"SHOP NO.8 MUTHA CHAMBERS 320,SHANKER SHETH RD, PUNE",,
D07425,TALLI BEER AND WINE SHOP (TALEGAON),180004,Beer Shopee,SM3=SURESH NAIR,0.0,0.0,,,"Building-shop no C42 sr no 38,street-Mantra City Road,Area-Mantra City 360 Khalade Nagar, Landmark-M",,
D01214,TANMAY WINES,180001,FL II (Wine shop),SM1=SACHIN KAMBLE Â· SM2=AJAY Â· SM3=ABID,0.0,12.0,  2,,"SHOP NO.5,B,PARMAR NAGAR 1-B BLDG,SR.NO.16 FATIMA NAGAR,PUNE",,
D01884,TEJAS  DHABA (KARLA),180002,FL III (Permit Room),SM1=Z NITIN KAPRE Â· SM3=SURESH NAIR,0.0,10.0,PUNE,,"GAT NO.191, KARLA, TAL :-MAVAL, DIST :-PUNE.",,
D00459,TEJAS WINES,180001,FL II (Wine shop),SM1=SACHIN KAMBLE Â· SM2=AJAY Â· SM3=SURESH NAIR,0.0,35.0,  1,,"S.NO.34/A5, BLDG NO1/B SHOP NO.1 VADGAON SHERI NAGAR ROAD,PUNE",,
D07704,THE BEER GARDEN BEER SHOPEE,180004,Beer Shopee,SM3=GAJENDRA DAS,0.0,5.0,PUNE CITY,,"SHOP NO 1 , GROUND FLOOR , MARUNGI ROAD , WAKAD , ORA SOCIETY",,
D06823,THE WINE LIBRARY (PUNAWALE),180002,FL III (Permit Room),SM1=CROSS SUPPLY Â· SM3=SURESH NAIR,0.0,75.0,PUNE,,S.NO 27 1 LEGACY MIL  SAWANT PARK GROUND FLOOR  PUNAWALE PUNE,,
D07207,THE WOOZY GOAT BEER AND WINE (WAKAD),180004,Beer Shopee,SM3=SURESH NAIR,0.0,9.0,,,"A 101 AUSTIN PLAZA , SARVE NO 238, KASPATE WASTI, WAKAD.NEAR BY MAHTOBA CHOWK.",,
D07426,TIRANGA GARDEN (KALAMB),180002,FL III (Permit Room),SM3=SURESH NAIR,0.0,10.0,,,"MILKAT NO.608, KALAMB TAL AMBEGAON",,
D07330,TOP UP BEER SHOPEE ( DAUND),180004,Beer Shopee,SM3=SURESH NAIR,0.0,50.0,PUNE CITY,,"BULIDING SHOP NO 1 , GATE NO 17, GOPALWADI ROAD , NEAR SIDDHESHWAR HOSPITAL",,
D00707,TRIMURTI WINES,180001,FL II (Wine shop),SM1=SACHIN KAMBLE Â· SM2=AJAY Â· SM3=OMKAR PAWAR,0.0,50.0,  2,411 028,"SHOP NO.20.KANCHAN JANGA APPTS MAGARPATTA ,HADAPSAR PUNE.-28",,
D01131,U.D.AGARWAL(223),180006,CL III (OTHERS),SM3=OMKAR PAWAR,0.0,105.0,,,"UPPER INDIRA NAGAR NEAR BUS  STOP,SHOP NO.7/8, BIBEWADI,PUNE",,
D07253,UMESH  BEER SHOPPE (293),180004,Beer Shopee,SM3=SURESH NAIR,0.0,0.0,PUNE,,"MILKAT NO.225, BHOYARE",,
D01876,V K WINES (LONAVALA),180001,FL II (Wine shop),SM1=Z NITIN KAPRE Â· SM3=SURESH NAIR,0.0,75.0,PUNE,,"CTS NO. 25 & 204 PART B,SHOP N GANESH BUILDING, LONAVALA",,
D07427,V.L.GANDHI (KHED),180006,CL III (OTHERS),SM3=SURESH NAIR,0.0,24.0,,,"MILKAT NO653/1 WAGJAINAGAR KHARABWADI TAL KHED, PUNE",,
D00193,VAIBHAV WINES (BARAMATI),180001,FL II (Wine shop),SM1=Z SHANKAR SHINDE Â· SM3=SURESH NAIR,0.0,0.0,,,"BLOCK NO 20,CTS.NO.617 BARAMATI DIST :- PUNE",,
D07428,VARUN HOTEL (KASARWADI),180002,FL III (Permit Room),SM3=SURESH NAIR,0.0,25.0,,,"485/01 Keshav Nagar Kasarwadi,Pune-34.",,
D07441,VEDANT BEER SHOPEE (CHIKALI),180004,Beer Shopee,SM3=SURESH NAIR,0.0,7.0,,,"Building-Gat no 988,street-Ganesh Siddhi Building Shop No 3 Ground Floor,Area-Newale Chowk Chikhali,",,
D07429,VERSATILE RESTO BAR (LONAVALA),180002,FL III (Permit Room),SM3=SURESH NAIR,0.0,3.0,,,"PLOT NO 9 GAT NO 1320-1 SHOP NO 3-4 SAI NIWA BUILDING , VARSOLI MAWAL PUNE",,
D00178,VIDESHI MADIYA WINES,180001,FL II (Wine shop),SM1=SHASHANK Â· SM2=DEEPAK PATIL Â· SM3=SURESH NAIR,0.0,40.0,  4,411 028,"1342,SHIVAJI NAGAR OPP P M C PUNE",,
D07327,VIJAY BEER SHOPEE (MIDC BARAMATI)),180004,Beer Shopee,SM3=SURESH NAIR,0.0,155.0,PUNE CITY,413102,"M.I.D.C , BARAMATI",,
D07236,VIJAY HARBANSLAL KATIYAL (MAUZE MAHLUNGE),180006,CL III (OTHERS),SM3=SURESH NAIR,0.0,45.0,PUNE,,GAT NO 191 MILKAT NO 641 MAUZE MAHALUNGE,,
D00377,VIJAY WINES (JUNNAR),180001,FL II (Wine shop),SM1=Z SANJAY NAGPAL Â· SM3=SURESH NAIR,0.0,20.0,PUNE,,"H NO 10 ,JUNNAR DIST :- PUNE",,
D02288,VIJAY WINES (VIMANNAGAR),180001,FL II (Wine shop),SM1=SACHIN KAMBLE Â· SM2=AJAY Â· SM3=OMKAR PAWAR,0.0,0.0,PUNE,,"206/1,209/1, PLOT NO. 52,53,54 MOJE LOHEGAON, VIMANNAGAR",,
D00380,VIKRAM WINES,180001,FL II (Wine shop),SM1=CROSS SUPPLY Â· SM3=SURESH NAIR,0.0,88.0,  3,411 037,CTS NO 633/2A BIBVEWADI PUNE,,
D01982,VIKRAM WINES(MANJARI B'K),180001,FL II (Wine shop),SM1=Z KISHOR CHANDAK Â· SM3=SURESH NAIR,0.0,10.0,PUNE,,"NO.142,GAT NO.1,CHAITANYA COMPLEX,MANJARI KESHAVNAGAR RD,MANJARI BUDRUK,",,
D06861,VILAS WINE (MANJARI),180006,CL III (OTHERS),SM3=SURESH NAIR,0.0,19.0,PUNE,412307,"SR,NO.81/B,MILKAT NO.270,NEAR MARKET, TAL HAVELI, MANJARI",,
D00381,VINOD WINES,180001,FL II (Wine shop),SM1=Z SANJAY NAGPAL Â· SM3=SURESH NAIR,0.0,10.0,,,"SHOP NO.101,1-A,NEHRU NAGAR PIMPRI PUNE",,
D06554,VINTAGE BEER AND WINE STORE(AUNDH),180004,Beer Shopee,SM3=OMKAR PAWAR,0.0,0.0,PUNE,,"SHOP NO 3 STELLAR EN.PLOT NO 10 S NO 155BY 1A BY1, AUNDH PUNE",,
D07472,VIRAJ BEER SHOPEE ( VADKI NAKA ),180004,Beer Shopee,SM3=SURESH NAIR,0.0,100.0,PUNE CITY,,"DAVAMAIL , HADAPSAR ROAD , GATE NO 1281 , VADKI NAKA , FURSUNGI",,
D06341,VIREN HOTEL (WAKAD ),180002,FL III (Permit Room),SM1=CROSS SUPPLY Â· SM3=SURESH NAIR,0.0,6.0,PUNE,,S NO. 91/3ARIANA OFFICE B 101OPP POONA BAKERY WAKAD.,,
D07430,VISAWA HOTEL (KASARWADI),180002,FL III (Permit Room),SM3=SURESH NAIR,0.0,15.0,,,"SN 495/2,KASARWADI PUNE-411034",,
D00208,VISHAKA WINES,180001,FL II (Wine shop),SM1=SHASHANK Â· SM2=DEEPAK PATIL,0.0,26.0,  8,,"SHOP NO 2 SAKAL NAGAR AUNDH, PUNE",,
D07267,VISHAL BEER SHOPEE ( MULSHI),180004,Beer Shopee,SM3=SURESH NAIR,0.0,0.0,PUNE,,KARMOLI PUNE,,
D00387,VISHAL WINES (BHOSARI),180001,FL II (Wine shop),SM1=Z SANJAY NAGPAL Â· SM3=SURESH NAIR,0.0,5.0,PUNE,,"SHOP NO.2, PANNA CHAMBERS NEAR T.C.I, DAPAODI",,
D07303,WAKAD JUNCTIONA ,180002,FL III (Permit Room),SM3=SURESH NAIR,0.0,6.0,PUNE,,S.NI  156 8 SAI ARCADE  SHOP 16  NEAR RANJHAL GARDEN WAKAD PUNE,,
D07388,WELCOME HOTEL,180002,FL III (Permit Room),SM2=AJAY Â· SM3=SURESH NAIR,0.0,10.0,,,"Kolhe Mala Road Milkat No 335,Max Care Hospital",,
D01543,WELCOME WINES (CHANDAN NAGAR),180001,FL II (Wine shop),SM1=SACHIN KAMBLE Â· SM2=AJAY,0.0,5.0,  7,,"SHOP NO. 7, OPP R K WINES CHANDAN NAGAR KHARADI PUNE",,
D07467,WINE EMPIRE RESTAURANT BAR	,180002,FL III (Permit Room),SM1=TULSIRAM Â· SM3=ABID,0.0,3.0,PUNE,,"S NO 60 HISSA NO 7 1A SUJIT COMPLEX,SHOP NO 7 GROUND FLOOR NEAR VADGAON BRIDGE VADGAON BUDRUK PUNE 4",,
D06597,WINE JUNCTION BAR & REST (YEWLEWADI),180002,FL III (Permit Room),SM1=ATISH Â· SM3=SURESH NAIR,0.0,1.0,PUNE,,SHOP NO 3 SKY SQUARE SR NO 41 3C YEWLEWADI,,
D06792,WINE KING HOTEL RETAURANT & BAR (RANJANGAON),180002,FL III (Permit Room),SM1=CROSS SUPPLY Â· SM3=SURESH NAIR,0.0,2.0,PUNE,,PLOT NO P A P I S 7 MIDC RANJANGAON  SHIRUR PUNE,,
D06255,WINE KING RESTAURANT & BAR ( KATRAJ ),180002,FL III (Permit Room),SM1=CROSS SUPPLY Â· SM3=SURESH NAIR,0.0,3.0,PUNE,,SR.NO 49/3/1 SHOP NO 4 &5 GROUND FLOOR SHIVSAI HAIGHTS KATRAJ PUNE,,
D06812,WINE KING RESTAURANT BAR (BAVDHAN),180002,FL III (Permit Room),SM1=TULSIRAM Â· SM3=SURESH NAIR,0.0,1.0,PUNE,411021,SHOP NO 1AND 2 ATHARVA BLIS BAVDHAN PUNE,,
D01400,WINE TURMINAL (VIMANNAGAR),180001,FL II (Wine shop),SM1=SACHIN KAMBLE Â· SM2=AJAY Â· SM3=SURESH NAIR,0.0,100.0,  7,,"SHOP NO. 4, KONARK ARCADE, SYMBOSIS ROAD NEAR DATTA MANDIR, VIMANNAGAR",,
D02593,WINE TURMINAL BEER SHOPEE ( MULSHI) (SG),180004,Beer Shopee,SM1=Z SHANKAR SHINDE Â· SM3=SURESH NAIR,0.0,6.0,PUNE,,"SR NO.124,LIFE REPUPLIC AVENUE 6 BULD.C,COM.COMPLEX, 1ST FLOOR,JAMBHE,TAL MULSHI,",,
D07431,WINE WORLD BEER SHOPPEE,180004,Beer Shopee,SM3=SURESH NAIR,0.0,25.0,,,"Building-GAT NO 128 ,street-VOTKAR VILLA SHOP NO 3,Area-VARSLORI, Landmark-MUMBAI PUNE HIWAY, City-L",,
D07460,WINES HILLS,180002,FL III (Permit Room),SM1=CROSS SUPPLY Â· SM3=SURESH NAIR,0.0,0.0,PUNE CITY,,"SR NO 48-5, GROUND FLOOR , SUS ROAD , TAL MULSHI DIST PUNE",,
D00391,WINGATE & CO.(PIMPLE SAUDAGAR),180001,FL II (Wine shop),SM3=SURESH NAIR,0.0,35.0,PUNE,411 001,"PIMPLE SOUDAGAR, OPP.SHIVAR GARDEN PIMPRI",,
D06428,Y R WINES (VIRANSH MUNDHAWA),180001,FL II (Wine shop),SM1=SACHIN KAMBLE Â· SM2=AJAY Â· SM3=OMKAR PAWAR,0.0,3.0,PUNE,,VASTUSHREE ADRINA KESHAVNAGAR MUNDHWA,,
D07500,YASH BEER AND WINE SHOPEE ( KHARADI),180004,Beer Shopee,SM3=SURESH NAIR,0.0,7.0,PUNE CITY,,"PLATINUM TOWERS , LG 14 OLD MUNDHWA ROAD , KHARADI SANGAMWADI , PUNE ",,
D02561,YASH BEER SHOPEE ( NARHE),180004,Beer Shopee,SM1=SHASHANK Â· SM3=SURESH NAIR,0.0,0.0,PUNE,,SR NO 4/3 & 4/4 KRUSNA  TOWER B WING SHOP NO 7 NARHE TA HAVELI DIST PUNE,,
D07463,YASH BEER SHOPEE (KANDALI-NARYANGAON),180004,Beer Shopee,SM3=SURESH NAIR,0.0,5.0,,,MILKAT NO.411AT POSTSHINDE MALAKANDALINARAYANGAONTAL-JUNNER,,
D07432,YASH BEER SHOPEE (MAVAL),180004,Beer Shopee,SM3=SURESH NAIR,0.0,15.0,,,"MILKAT NO.147,MALAWALI ,TAL. MAVAL, DIST.PUNE",,
D07389,YASH HOTEL,180002,FL III (Permit Room),SM3=SURESH NAIR,0.0,0.0,,,"SAMARTH COPLEX NEAR MARKET YARD PUNE MANCHAR TAL.AMBEGAON,DIST.PUNE",,
D07235,YASH PERMIT ROOM (CHIKHALI),180002,FL III (Permit Room),SM3=SURESH NAIR,0.0,4.0,PUNE,,GAT NO 1358 MORE WASTI CHIKHALI,,
D01984,YASH WINES (KAUSAK WINES) ( HINJAWADI ),180001,FL II (Wine shop),SM3=SURESH NAIR,0.0,10.0,PUNE,,"S.NO.6/11, WAKAD ROAD,HINJAWADI, PUNE",,
D01455,YASHRAJ BEER SHOPPE (KALEPADAL),180004,Beer Shopee,SM1=CROSS SUPPLY Â· SM3=SURESH NAIR,0.0,25.0,PUNE,411036,"S.NO. 49, B/B SATYARAJ CITY CO-OP HSG SOC. KALEPADAL, HADAPSAR",,
D07174,YASHWANTI B SHOPPY ( KANSARE ),180004,Beer Shopee,SM3=SURESH NAIR,0.0,120.0,PUNE,,KHED RAJGURU NAGAR,,
