PartyID,PartyName,LicenseType,SM1_Name,SM3_Name,City,Cases,ShouldBe,Verdict,Notes
D01875,EMPRESS WINES.,FL II (Wine shop),CROSS SUPPLY,SURESH NAIR,PUNE,93.0,KW Beer,,
D00007,ALCHO DRINKS( MOSHI ),FL II (Wine shop),CROSS SUPPLY,SURESH NAIR,  4,85.0,KW Beer,,
D06149,PUNE WINES (MOHINI)(NUPUR),FL II (Wine shop),,SURESH NAIR,PUNE,70.0,KW Beer,,
D07200,ROYAL BEER SHOPEE (PIMPRI),Beer Shopee,,SURESH NAIR,PUNE,57.0,KW Beer,,
D01993,VIKRANT WINES ( KALEWADI ),FL II (Wine shop),,SURESH NAIR,PUNE,55.0,KW Beer,,
D00068,ELLORA WINES (BAVDHAN KHURD),FL II (Wine shop),SHASHANK,,PUNE CITY,55.0,KW Beer,,
D06153,SOURABH BEER SHOPEE ( CHINCHWAD ),Beer Shopee,,SURESH NAIR,PUNE,55.0,KW Beer,,
D00265,PRAKASH WINES (KALYANI NAGAR),FL II (Wine shop),SACHIN KAMBLE,SURESH NAIR,  2A,46.0,KW Beer,,
D01950,ROHAN WINES(KALBHOR WINES),FL II (Wine shop),Z VIJAY BHAIKATTE,SURESH NAIR,PUNE,46.0,KW Beer,,
D02376,TAJ WINES ( PIMPLE SAUDAGAR ),FL II (Wine shop),CROSS SUPPLY,SURESH NAIR,PUNE,43.0,KW Beer,,
D00099,JAISHREE WINES,FL II (Wine shop),CROSS SUPPLY,SURESH NAIR,,42.0,KW Beer,,
D00875,PRASAD WINES(DEEP BUNGLOW),FL II (Wine shop),SHASHANK,SURESH NAIR,  4,40.0,KW Beer,,
D01400,WINE TURMINAL (VIMANNAGAR),FL II (Wine shop),SACHIN KAMBLE,SURESH NAIR,  7,40.0,KW Beer,,
D00370,UMESH WINES,FL II (Wine shop),,SURESH NAIR,,38.0,KW Beer,,
D02506,AJIT WINES.( CHIKHALI ),FL II (Wine shop),,SURESH NAIR,PUNE,37.0,KW Beer,,
D00248,MAHESH WINES,FL II (Wine shop),SACHIN KAMBLE,SURESH NAIR,  7,35.0,KW Beer,,
D07199,JAI LAXMAN RAJPUT CONTURY LIQ,CL III (OTHERS),,SURESH NAIR,PUNE,35.0,KW Beer,,
D02662,VAISHALI BEER SHOPPE ( PIMPRI ),Beer Shopee,,SURESH NAIR,PUNE,33.0,KW Beer,,
D00210,SHAKTI WINES (PASHAN),FL II (Wine shop),SHASHANK,SURESH NAIR,  8,32.0,KW Beer,,
D07194,YARANA BEER SHOPEE (PIMPRI),Beer Shopee,,SURESH NAIR,PUNE,31.0,KW Beer,,
D07197,LUCKY COUNTRY BAR (KADAM & KAUR),CL III (OTHERS),,SURESH NAIR,PUNE,31.0,KW Beer,,
D02664,STEP INN BEER SHOPPE ( PIMPLE GURAV ),Beer Shopee,,SURESH NAIR,PUNE,31.0,KW Beer,,
D07220,J. M. BEER SHOPEE (JAI MALHAR),Beer Shopee,,SURESH NAIR,PUNE,30.0,KW Beer,,
D00232,GLOBE WINES (CHINCHWAD),FL II (Wine shop),Z SANJAY NAGPAL,SURESH NAIR,PUNE,30.0,KW Beer,,
D00167,GLOBE WINES ( PIMPRI )(4190),FL II (Wine shop),CROSS SUPPLY,SURESH NAIR,,29.0,KW Beer,,
D02252,ROLEX WINES ( LOHAGAON ),FL II (Wine shop),CROSS SUPPLY,SURESH NAIR,PUNE,28.0,KW Beer,,
D00375,VICKY WINES,FL II (Wine shop),,SURESH NAIR,PUNE,27.0,KW Beer,,
D02665,SUNNY BEER SHOPEE(KALEWADI),Beer Shopee,,SURESH NAIR,PUNE,26.0,KW Beer,,
D06384,GOLD BEER SHOPEE (LOHEGAON),Beer Shopee,,SURESH NAIR,PUNE,26.0,KW Beer,,
D02249,BOTTOM UP,FL II (Wine shop),SACHIN KAMBLE,SURESH NAIR,PUNE,25.0,KW Beer,,
D06438,HOUSE OF WINE (VIMANNAGAR),Beer Shopee,,SURESH NAIR,PUNE,25.0,KW Beer,,
D06142,UNIVERSAL BEER SHOPEE (BAVDHAN) (SG),Beer Shopee,,OMKAR PAWAR,PUNE,25.0,KW Beer,,
D06712,MODERN WINES (MOSHI),FL II (Wine shop),CROSS SUPPLY,SURESH NAIR,PUNE,25.0,KW Beer,,
D00461,ANUKIRAN WINES (DHAYRI),FL II (Wine shop),SHASHANK,SURESH NAIR,PUNE,24.0,KW Beer,,
D02564,JAISWAL WINES,FL II (Wine shop),SACHIN KAMBLE,SURESH NAIR,PUNE,23.0,KW Beer,,
D00131,MEDORI WINE (KESHAVNAGAR),FL II (Wine shop),CROSS SUPPLY,SURESH NAIR,  2,22.0,KW Beer,,
D07205,LIQUORLAND BEER SHOPEE (RAVET),Beer Shopee,,SURESH NAIR,PUNE,22.0,KW Beer,,
D02268,K M WINES (C/O GUPTA WINES),FL II (Wine shop),SACHIN KAMBLE,SURESH NAIR,PUNE,22.0,KW Beer,,
D01874,REGAL WINES (PIMPRI),FL II (Wine shop),,SURESH NAIR,PUNE,21.0,KW Beer,,
D06718,SUBHASH LIQUORS PVT LTD(SOMATNE),FL II (Wine shop),,SURESH NAIR,PUNE,21.0,KW Beer,,
D00399,SONALI ENTERPRISES,FL II (Wine shop),CROSS SUPPLY,SURESH NAIR,  3,20.0,KW Beer,,
D01020,SAGAR WINES (WAGHOLI),FL II (Wine shop),Z VIJAY BHAIKATTE,SURESH NAIR,,20.0,KW Beer,,
D02553,KIRAN BEER SHOPEE ( TATHAWADE ),Beer Shopee,CROSS SUPPLY,SURESH NAIR,PUNE,20.0,KW Beer,,
D01863,LUCKY WINES ( CHARHOLI ),FL II (Wine shop),CROSS SUPPLY,SURESH NAIR,PUNE,20.0,KW Beer,,
D00530,POOJA WINES,FL II (Wine shop),CROSS SUPPLY,SURESH NAIR,PUNE,17.0,KW Beer,,
D00165,PRATAP WINES,FL II (Wine shop),SHASHANK,SURESH NAIR,  5,17.0,KW Beer,,
D01870,VIJAY WINES.(PIMPRI),FL II (Wine shop),,SURESH NAIR,PUNE,16.0,KW Beer,,
D00279,RAJSHREE WINES (PAUD ROAD),FL II (Wine shop),SHASHANK,SURESH NAIR,  5A,15.0,KW Beer,,
D07226,K.C.LAKHWANI,Beer Shopee,,SURESH NAIR,,15.0,KW Beer,,
D07230,A H BEER SHOPEE,Beer Shopee,,SURESH NAIR,PUNE,15.0,KW Beer,,
D02545,KINGS BEER SHOPPE ( PIMPRI ),Beer Shopee,CROSS SUPPLY,SURESH NAIR,PUNE,15.0,KW Beer,,
D01861,RAHUL WINES(THERGAON),FL II (Wine shop),Z SANJAY NAGPAL,SURESH NAIR,PUNE,15.0,KW Beer,,
D00047,VEENIT WINES.(CHAJED & SONS) (KHED),FL II (Wine shop),Z SANJAY NAGPAL,SURESH NAIR,PUNE,15.0,KW Beer,,
D00462,KAVIRAJ WINES (AKURDI),FL II (Wine shop),CROSS SUPPLY,SURESH NAIR,PUNE,14.0,KW Beer,,
D01991,RAJA WINES.( DAPODI ),FL II (Wine shop),,SURESH NAIR,PUNE,13.0,KW Beer,,
D07231,BARREL & CO(E N DADABHAI),FL III (Permit Room),CROSS SUPPLY,SURESH NAIR,PUNE CITY,13.0,Institution,,
D00078,GHULE WINES (BAVDHAN),FL II (Wine shop),SHASHANK,SURESH NAIR,  5A,13.0,KW Beer,,
D00269,PUSHKAR WINES ( AKURDI ),FL II (Wine shop),,SURESH NAIR,PUNE,13.0,KW Beer,,
D00304,SAMRAT WINES.(NAVI SANGAVI),FL II (Wine shop),Z VIJAY BHAIKATTE,SURESH NAIR,,11.0,KW Beer,,
D02699,RAJ WINES & WINE SHOPEE (WARJE) (SG),Beer Shopee,TULSIRAM,SURESH NAIR,PUNE,11.0,KW Beer,,
D01306,SADASHIV WINES,FL II (Wine shop),SACHIN KAMBLE,SURESH NAIR,  7,11.0,KW Beer,,
D07209,SHAM BEER SHOPPE (KALEWADI),Beer Shopee,,SURESH NAIR,,10.0,KW Beer,,
D01375,HIRA MOTI WINES (PIMPRI),FL II (Wine shop),CROSS SUPPLY,SURESH NAIR,PUNE,10.0,KW Beer,,
D00616,SAFEWAY WINES (KHED),FL II (Wine shop),,SURESH NAIR,PUNE,10.0,KW Beer,,
D01951,AGARWAL WINES (PIMPRI),FL II (Wine shop),,SURESH NAIR,PUNE,10.0,KW Beer,,
D02544,SAKSHI BEER SHOPPE(PIMPRI),Beer Shopee,,SURESH NAIR,PUNE,10.0,KW Beer,,
D07236,VIJAY HARBANSLAL KATIYAL (MAUZE MAHLUNGE),CL III (OTHERS),,SURESH NAIR,PUNE,10.0,KW Beer,,
D07173,KUNAL WINE MART ( INDRANINAGAR ),FL II (Wine shop),CROSS SUPPLY,SURESH NAIR,PUNE,10.0,KW Beer,,
D01989,ASHOKA WINES.(THERGAON),FL II (Wine shop),CROSS SUPPLY,SURESH NAIR,PUNE,10.0,KW Beer,,
D01476,LUCKY LAXMI WINE (WARJE),FL II (Wine shop),SHASHANK,SURESH NAIR,  5,10.0,KW Beer,,
D02597,YASH KARAN BEER SHOPEE(TATHAWADE),Beer Shopee,,SURESH NAIR,PUNE,10.0,KW Beer,,
D06509,LOVERS BEER SHOPEE (WAGHOLI),Beer Shopee,,SURESH NAIR,PUNE,9.0,KW Beer,,
D00161,V R WINES (BANER RD),FL II (Wine shop),SHASHANK,SURESH NAIR,  8,8.0,KW Beer,,
D07250,ASHOKA BEER SHOPPE(CHINCHWAD),Beer Shopee,,SURESH NAIR,PUNE,8.0,KW Beer,,
D00013,G.S.P WINES.(AUNDH),FL II (Wine shop),SHASHANK,SURESH NAIR,  8,7.0,KW Beer,,
D00956,KUNAL WINES(TALEGAON),FL II (Wine shop),,SURESH NAIR,PUNE,7.0,KW Beer,,
D06141,PARTH BEER SHOPEE (UNDRI) (SG),Beer Shopee,,ABID,PUNE,7.0,KW Beer,,
D06760,K.R.BEER AND WINE SHOPEE(WAKAD),Beer Shopee,,SURESH NAIR,PUNE,7.0,KW Beer,,
D07216,ROYAL BEER SHOPEE (MULSHI),Beer Shopee,,SURESH NAIR,,6.0,KW Beer,,
D06871,WAGHADE WINES ( RAVET ),FL II (Wine shop),,SURESH NAIR,PUNE,6.0,KW Beer,,
D07213,SHARAYU BEER SHOPPY (DAPODI),Beer Shopee,,SURESH NAIR,PUNE,5.0,KW Beer,,
D01345,ARYAN BEER SHOPPY (KOTHRUD),Beer Shopee,,SURESH NAIR,PUNE,5.0,KW Beer,,
D07262,MEGHA HIGHWAY BEER SHOPEE,Beer Shopee,,SURESH NAIR,PUNE,5.0,KW Beer,,
D00040,C.R.AGARWAL WINES (KIRKEE),FL II (Wine shop),SHASHANK,SURESH NAIR,PUNE,4.0,KW Beer,,
D07251,PYASA BEER SHOPEE (TALWADE),Beer Shopee,,SURESH NAIR,PUNE,4.0,KW Beer,,
D07219,S. S. S. WINE & BEER SHOPEE,Beer Shopee,,SURESH NAIR,PUNE,4.0,KW Beer,,
D07196,SONA  COUNTRY BAR (DANGE CHOWK),CL III (OTHERS),,SURESH NAIR,,3.0,KW Beer,,
D07201,S S BEER SHOPEE (HINJEWADI),Beer Shopee,,SURESH NAIR,,3.0,KW Beer,,
D07233,THE THIRSTY HOPE BEER &WINE SHOP (KOTHRUD),Beer Shopee,,SURESH NAIR,PUNE,3.0,KW Beer,,
D06150,MAYUR BEER SHOPPE (PIMPRI),Beer Shopee,CROSS SUPPLY,SURESH NAIR,PUNE,2.0,KW Beer,,
D02518,UNITED WINES.(ABHAY WINES),FL II (Wine shop),,SURESH NAIR,PUNE,2.0,KW Beer,,
D02441,RASAGANDHA (GANDHARVA ) RESTAURANT (SHIVAJINAGAR),FL III (Permit Room),PRASHANT THORAT,SURESH NAIR,PUNE,2.0,Institution,,
D07202,SWARAJ BEER SHOPPE (RAHATANI),Beer Shopee,,SURESH NAIR,,2.0,KW Beer,,
D07044,SAB TONIQUE BEVEREGES LLP (TONIQUE),FL II (Wine shop),SACHIN KAMBLE,SURESH NAIR,PUNE,2.0,KW Beer,,
D02069,ANTIQUE WINES (PIMPLE SOU),FL II (Wine shop),CROSS SUPPLY,SURESH NAIR,PUNE,1.0,KW Beer,,
D06784,K S B WINE WOLD BEER SHOP,Beer Shopee,,SURESH NAIR,PUNE,1.0,KW Beer,,
