PartyID,PartyName,LicenseTypeID,LicenseType,SM1_Name,SM3_Name,City,Cases,TrueChannel,Verdict,Notes
D00307,D S P WINES,180001,FL II (Wine shop),CROSS SUPPLY,SURESH NAIR,  2A,2190.0,KW Beer,,
D07755,MARNE BEER SHOPPY ,180004,Beer Shopee,,SURESH NAIR,PUNE,385.0,KW Beer,,
D07331,SAGAR BEER SHOPEE (KADAMWAK WASTI),180004,Beer Shopee,,SURESH NAIR,PUNE CITY,230.0,KW Beer,,
D06398,TRIMURTY BEER SHOPPE (KHED SHIVAPUR),180004,Beer Shopee,Z KISHOR CHANDAK,SURESH NAIR,PUNE,222.0,KW Beer,,
D07433,PENGUIN BEER SHOPEE ( MULSHI),180004,Beer Shopee,,SURESH NAIR,PUNE CITY,188.0,KW Beer,,
D01257,LIQUOR WINDS BEER SHOPEE(MULSH,180004,Beer Shopee,,SURESH NAIR,PUNE,165.0,KW Beer,,
D01875,EMPRESS WINES.,180001,FL II (Wine shop),CROSS SUPPLY,SURESH NAIR,PUNE,93.0,KW Beer,,
D00007,ALCHO DRINKS( MOSHI ),180001,FL II (Wine shop),CROSS SUPPLY,SURESH NAIR,  4,85.0,KW Beer,,
D07420,SHREYA BEER SHOPEE (JUNNAR),180004,Beer Shopee,,SURESH NAIR,,80.0,KW Beer,,
D06149,PUNE WINES (MOHINI)(NUPUR),180001,FL II (Wine shop),,SURESH NAIR,PUNE,70.0,KW Beer,,
D06761,BLUE OCEAN BEER SHOPEE (KHARADI),180004,Beer Shopee,,SURESH NAIR,PUNE,67.0,KW Beer,,
D00142,NATIONAL WINES (CLOUD9),180001,FL II (Wine shop),SACHIN KAMBLE,SURESH NAIR,  2,60.0,KW Beer,,
D07200,ROYAL BEER SHOPEE (PIMPRI),180004,Beer Shopee,,SURESH NAIR,PUNE,57.0,KW Beer,,
D01993,VIKRANT WINES ( KALEWADI ),180001,FL II (Wine shop),,SURESH NAIR,PUNE,55.0,KW Beer,,
D00068,ELLORA WINES (BAVDHAN KHURD),180001,FL II (Wine shop),SHASHANK,,PUNE CITY,55.0,KW Beer,,
D06153,SOURABH BEER SHOPEE ( CHINCHWAD ),180004,Beer Shopee,,SURESH NAIR,PUNE,55.0,KW Beer,,
D07716,YASHRAJ HOTEL,180002,FL III (Permit Room),,SURESH NAIR,,51.2821,Institution,,
D00265,PRAKASH WINES (KALYANI NAGAR),180001,FL II (Wine shop),SACHIN KAMBLE,SURESH NAIR,  2A,46.0,KW Beer,,
D01950,ROHAN WINES(KALBHOR WINES),180001,FL II (Wine shop),Z VIJAY BHAIKATTE,SURESH NAIR,PUNE,46.0,KW Beer,,
D02256,KUMAR WINES ( HANDEWADI ),180001,FL II (Wine shop),SACHIN KAMBLE,SURESH NAIR,PUNE,45.0,KW Beer,,
D02376,TAJ WINES ( PIMPLE SAUDAGAR ),180001,FL II (Wine shop),CROSS SUPPLY,SURESH NAIR,PUNE,43.0,KW Beer,,
D00099,JAISHREE WINES,180001,FL II (Wine shop),CROSS SUPPLY,SURESH NAIR,,42.0,KW Beer,,
D01400,WINE TURMINAL (VIMANNAGAR),180001,FL II (Wine shop),SACHIN KAMBLE,SURESH NAIR,  7,40.0,KW Beer,,
D00875,PRASAD WINES(DEEP BUNGLOW),180001,FL II (Wine shop),SHASHANK,SURESH NAIR,  4,40.0,KW Beer,,
D00370,UMESH WINES,180001,FL II (Wine shop),,SURESH NAIR,,38.0,KW Beer,,
D02506,AJIT WINES.( CHIKHALI ),180001,FL II (Wine shop),,SURESH NAIR,PUNE,37.0,KW Beer,,
D00328,SHEETAL WINES,180001,FL II (Wine shop),SHASHANK,SURESH NAIR,  8,36.0,KW Beer,,
D07199,JAI LAXMAN RAJPUT CONTURY LIQ,180006,CL III (OTHERS),,SURESH NAIR,PUNE,35.0,KW Beer,,
D00248,MAHESH WINES,180001,FL II (Wine shop),SACHIN KAMBLE,SURESH NAIR,  7,35.0,KW Beer,,
D06666,JUST ENJOY BEER & WINE SHOPEE,180004,Beer Shopee,,SURESH NAIR,,33.0,KW Beer,,
D02662,VAISHALI BEER SHOPPE ( PIMPRI ),180004,Beer Shopee,,SURESH NAIR,PUNE,33.0,KW Beer,,
D00210,SHAKTI WINES (PASHAN),180001,FL II (Wine shop),SHASHANK,SURESH NAIR,  8,32.0,KW Beer,,
D02664,STEP INN BEER SHOPPE ( PIMPLE GURAV ),180004,Beer Shopee,,SURESH NAIR,PUNE,31.0,KW Beer,,
D07194,YARANA BEER SHOPEE (PIMPRI),180004,Beer Shopee,,SURESH NAIR,PUNE,31.0,KW Beer,,
D07197,LUCKY COUNTRY BAR (KADAM & KAUR),180006,CL III (OTHERS),,SURESH NAIR,PUNE,31.0,KW Beer,,
D00971,NAKSHATRA RESTAURANT,180002,FL III (Permit Room),TULSIRAM,SURESH NAIR,  5,30.7693,Institution,,
D00232,GLOBE WINES (CHINCHWAD),180001,FL II (Wine shop),Z SANJAY NAGPAL,SURESH NAIR,PUNE,30.0,KW Beer,,
D07220,J. M. BEER SHOPEE (JAI MALHAR),180004,Beer Shopee,,SURESH NAIR,PUNE,30.0,KW Beer,,
D00167,GLOBE WINES ( PIMPRI )(4190),180001,FL II (Wine shop),CROSS SUPPLY,SURESH NAIR,,29.0,KW Beer,,
D02252,ROLEX WINES ( LOHAGAON ),180001,FL II (Wine shop),CROSS SUPPLY,SURESH NAIR,PUNE,28.0,KW Beer,,
D00375,VICKY WINES,180001,FL II (Wine shop),,SURESH NAIR,PUNE,27.0,KW Beer,,
D02665,SUNNY BEER SHOPEE(KALEWADI),180004,Beer Shopee,,SURESH NAIR,PUNE,26.0,KW Beer,,
D06384,GOLD BEER SHOPEE (LOHEGAON),180004,Beer Shopee,,SURESH NAIR,PUNE,26.0,KW Beer,,
D06438,HOUSE OF WINE (VIMANNAGAR),180004,Beer Shopee,,SURESH NAIR,PUNE,25.0,KW Beer,,
D02249,BOTTOM UP,180001,FL II (Wine shop),SACHIN KAMBLE,SURESH NAIR,PUNE,25.0,KW Beer,,
D06712,MODERN WINES (MOSHI),180001,FL II (Wine shop),CROSS SUPPLY,SURESH NAIR,PUNE,25.0,KW Beer,,
D00353,SSD (SUNNY) WINES (AUNDH),180001,FL II (Wine shop),SHASHANK,SURESH NAIR,  8,25.0,KW Beer,,
D00461,ANUKIRAN WINES (DHAYRI),180001,FL II (Wine shop),SHASHANK,SURESH NAIR,PUNE,24.0,KW Beer,,
D02564,JAISWAL WINES,180001,FL II (Wine shop),SACHIN KAMBLE,SURESH NAIR,PUNE,23.0,KW Beer,,
D00131,MEDORI WINE (KESHAVNAGAR),180001,FL II (Wine shop),CROSS SUPPLY,SURESH NAIR,  2,22.0,KW Beer,,
D07205,LIQUORLAND BEER SHOPEE (RAVET),180004,Beer Shopee,,SURESH NAIR,PUNE,22.0,KW Beer,,
D02268,K M WINES (C/O GUPTA WINES),180001,FL II (Wine shop),SACHIN KAMBLE,SURESH NAIR,PUNE,22.0,KW Beer,,
D01874,REGAL WINES (PIMPRI),180001,FL II (Wine shop),,SURESH NAIR,PUNE,21.0,KW Beer,,
D06718,SUBHASH LIQUORS PVT LTD(SOMATNE),180001,FL II (Wine shop),,SURESH NAIR,PUNE,21.0,KW Beer,,
D02553,KIRAN BEER SHOPEE ( TATHAWADE ),180004,Beer Shopee,CROSS SUPPLY,SURESH NAIR,PUNE,20.0,KW Beer,,
D00399,SONALI ENTERPRISES,180001,FL II (Wine shop),CROSS SUPPLY,SURESH NAIR,  3,20.0,KW Beer,,
D01863,LUCKY WINES ( CHARHOLI ),180001,FL II (Wine shop),CROSS SUPPLY,SURESH NAIR,PUNE,20.0,KW Beer,,
D00366,TRINITY WINES (S'NAR),180001,FL II (Wine shop),SHASHANK,SURESH NAIR,  2A,20.0,KW Beer,,
D01020,SAGAR WINES (WAGHOLI),180001,FL II (Wine shop),Z VIJAY BHAIKATTE,SURESH NAIR,,20.0,KW Beer,,
D06959,CELEBRATION REST & BAR (713),180002,FL III (Permit Room),CROSS SUPPLY,SURESH NAIR,PUNE,19.2308,Institution,,
D00530,POOJA WINES,180001,FL II (Wine shop),CROSS SUPPLY,SURESH NAIR,PUNE,17.0,KW Beer,,
D00165,PRATAP WINES,180001,FL II (Wine shop),SHASHANK,SURESH NAIR,  5,17.0,KW Beer,,
D01870,VIJAY WINES.(PIMPRI),180001,FL II (Wine shop),,SURESH NAIR,PUNE,16.0,KW Beer,,
D01970,SHRAVI HOTEL,180002,FL III (Permit Room),Z SANJAY NAGPAL,SURESH NAIR,PUNE,15.3846,Institution,,
D07226,K.C.LAKHWANI,180004,Beer Shopee,,SURESH NAIR,,15.0,KW Beer,,
D07754,SURYA INS LTD (COURT YARD),180002,FL III (Permit Room),,SURESH NAIR,,15.0,Institution,,
D01027,WADKAR WINES,180001,FL II (Wine shop),SACHIN KAMBLE,SURESH NAIR,  2A,15.0,KW Beer,,
D00047,VEENIT WINES.(CHAJED & SONS) (KHED),180001,FL II (Wine shop),Z SANJAY NAGPAL,SURESH NAIR,PUNE,15.0,KW Beer,,
D01736,SUPARA WINES,180001,FL II (Wine shop),SACHIN KAMBLE,SURESH NAIR,PUNE,15.0,KW Beer,,
D07301,SUPER WINE AND BEER SHOPEE,180004,Beer Shopee,,SURESH NAIR,PUNE,15.0,KW Beer,,
D02545,KINGS BEER SHOPPE ( PIMPRI ),180004,Beer Shopee,CROSS SUPPLY,SURESH NAIR,PUNE,15.0,KW Beer,,
D07230,A H BEER SHOPEE,180004,Beer Shopee,,SURESH NAIR,PUNE,15.0,KW Beer,,
D00279,RAJSHREE WINES (PAUD ROAD),180001,FL II (Wine shop),SHASHANK,SURESH NAIR,  5A,15.0,KW Beer,,
D01861,RAHUL WINES(THERGAON),180001,FL II (Wine shop),Z SANJAY NAGPAL,SURESH NAIR,PUNE,15.0,KW Beer,,
D00462,KAVIRAJ WINES (AKURDI),180001,FL II (Wine shop),CROSS SUPPLY,SURESH NAIR,PUNE,14.0,KW Beer,,
D07231,BARREL & CO(E N DADABHAI),180002,FL III (Permit Room),CROSS SUPPLY,SURESH NAIR,PUNE CITY,13.0,Institution,,
D01991,RAJA WINES.( DAPODI ),180001,FL II (Wine shop),,SURESH NAIR,PUNE,13.0,KW Beer,,
D00078,GHULE WINES (BAVDHAN),180001,FL II (Wine shop),SHASHANK,SURESH NAIR,  5A,13.0,KW Beer,,
D00269,PUSHKAR WINES ( AKURDI ),180001,FL II (Wine shop),,SURESH NAIR,PUNE,13.0,KW Beer,,
D02265,SUNNY WINES ( BANER),180001,FL II (Wine shop),SHASHANK,SURESH NAIR,PUNE,13.0,KW Beer,,
D00188,PRESIDENT PERMIT ROOM (HADAPSAR),180002,FL III (Permit Room),ATISH,SURESH NAIR,  2,12.8205,Institution,,
D00725,KUNDAN PALACE HOTEL,180002,FL III (Permit Room),Z NITIN KAPRE,SURESH NAIR,PUNE,12.8205,Institution,,
D00792,HEAVENS GARDEN (HARSH),180002,FL III (Permit Room),TULSIRAM,SURESH NAIR,  5A,12.8205,Institution,,
D07538,TERMINAL 9 HOTEL,180002,FL III (Permit Room),SAURABH,SURESH NAIR,PUNE,12.8205,Institution,,
D07513,KUNAL WINE AND DINE (JUNNAR),180002,FL III (Permit Room),CROSS SUPPLY,SURESH NAIR,PUNE CITY,12.0,Institution,,
D02699,RAJ WINES & WINE SHOPEE (WARJE) (SG),180004,Beer Shopee,TULSIRAM,SURESH NAIR,PUNE,11.0,KW Beer,,
D01306,SADASHIV WINES,180001,FL II (Wine shop),SACHIN KAMBLE,SURESH NAIR,  7,11.0,KW Beer,,
D00304,SAMRAT WINES.(NAVI SANGAVI),180001,FL II (Wine shop),Z VIJAY BHAIKATTE,SURESH NAIR,,11.0,KW Beer,,
D01476,LUCKY LAXMI WINE (WARJE),180001,FL II (Wine shop),SHASHANK,SURESH NAIR,  5,10.0,KW Beer,,
D01375,HIRA MOTI WINES (PIMPRI),180001,FL II (Wine shop),CROSS SUPPLY,SURESH NAIR,PUNE,10.0,KW Beer,,
D00108,KHUSHBOO WINES (KARVE NAGAR),180001,FL II (Wine shop),SHASHANK,SURESH NAIR,  5,10.0,KW Beer,,
D01989,ASHOKA WINES.(THERGAON),180001,FL II (Wine shop),CROSS SUPPLY,SURESH NAIR,PUNE,10.0,KW Beer,,
D01951,AGARWAL WINES (PIMPRI),180001,FL II (Wine shop),,SURESH NAIR,PUNE,10.0,KW Beer,,
D00616,SAFEWAY WINES (KHED),180001,FL II (Wine shop),,SURESH NAIR,PUNE,10.0,KW Beer,,
D07236,VIJAY HARBANSLAL KATIYAL (MAUZE MAHLUNGE),180006,CL III (OTHERS),,SURESH NAIR,PUNE,10.0,KW Beer,,
D07209,SHAM BEER SHOPPE (KALEWADI),180004,Beer Shopee,,SURESH NAIR,,10.0,KW Beer,,
D07173,KUNAL WINE MART ( INDRANINAGAR ),180001,FL II (Wine shop),CROSS SUPPLY,SURESH NAIR,PUNE,10.0,KW Beer,,
D02544,SAKSHI BEER SHOPPE(PIMPRI),180004,Beer Shopee,,SURESH NAIR,PUNE,10.0,KW Beer,,
D02597,YASH KARAN BEER SHOPEE(TATHAWADE),180004,Beer Shopee,,SURESH NAIR,PUNE,10.0,KW Beer,,
D06509,LOVERS BEER SHOPEE (WAGHOLI),180004,Beer Shopee,,SURESH NAIR,PUNE,9.0,KW Beer,,
D07747,SARJA RESTAURANT & BAR (AMBI) (1945),180002,FL III (Permit Room),,SURESH NAIR,PUNE CITY,8.9744,Institution,,
D07250,ASHOKA BEER SHOPPE(CHINCHWAD),180004,Beer Shopee,,SURESH NAIR,PUNE,8.0,KW Beer,,
D00161,V R WINES (BANER RD),180001,FL II (Wine shop),SHASHANK,SURESH NAIR,  8,8.0,KW Beer,,
D00956,KUNAL WINES(TALEGAON),180001,FL II (Wine shop),,SURESH NAIR,PUNE,7.0,KW Beer,,
D00013,G.S.P WINES.(AUNDH),180001,FL II (Wine shop),SHASHANK,SURESH NAIR,  8,7.0,KW Beer,,
D00154,PARDESHI WINES,180001,FL II (Wine shop),SHASHANK,SURESH NAIR,  5,7.0,KW Beer,,
D06760,K.R.BEER AND WINE SHOPEE(WAKAD),180004,Beer Shopee,,SURESH NAIR,PUNE,7.0,KW Beer,,
D06871,WAGHADE WINES ( RAVET ),180001,FL II (Wine shop),,SURESH NAIR,PUNE,6.0,KW Beer,,
D07216,ROYAL BEER SHOPEE (MULSHI),180004,Beer Shopee,,SURESH NAIR,,6.0,KW Beer,,
D07213,SHARAYU BEER SHOPPY (DAPODI),180004,Beer Shopee,,SURESH NAIR,PUNE,5.0,KW Beer,,
D07262,MEGHA HIGHWAY BEER SHOPEE,180004,Beer Shopee,,SURESH NAIR,PUNE,5.0,KW Beer,,
D01345,ARYAN BEER SHOPPY (KOTHRUD),180004,Beer Shopee,,SURESH NAIR,PUNE,5.0,KW Beer,,
D07219,S. S. S. WINE & BEER SHOPEE,180004,Beer Shopee,,SURESH NAIR,PUNE,4.0,KW Beer,,
D00040,C.R.AGARWAL WINES (KIRKEE),180001,FL II (Wine shop),SHASHANK,SURESH NAIR,PUNE,4.0,KW Beer,,
D00187,SHAKUN WINES,180001,FL II (Wine shop),CROSS SUPPLY,SURESH NAIR,  3,4.0,KW Beer,,
D07251,PYASA BEER SHOPEE (TALWADE),180004,Beer Shopee,,SURESH NAIR,PUNE,4.0,KW Beer,,
D07233,THE THIRSTY HOPE BEER &WINE SHOP (KOTHRUD),180004,Beer Shopee,,SURESH NAIR,PUNE,3.0,KW Beer,,
D07196,SONA  COUNTRY BAR (DANGE CHOWK),180006,CL III (OTHERS),,SURESH NAIR,,3.0,KW Beer,,
D07201,S S BEER SHOPEE (HINJEWADI),180004,Beer Shopee,,SURESH NAIR,,3.0,KW Beer,,
D02518,UNITED WINES.(ABHAY WINES),180001,FL II (Wine shop),,SURESH NAIR,PUNE,2.0,KW Beer,,
D06150,MAYUR BEER SHOPPE (PIMPRI),180004,Beer Shopee,CROSS SUPPLY,SURESH NAIR,PUNE,2.0,KW Beer,,
D07044,SAB TONIQUE BEVEREGES LLP (TONIQUE),180001,FL II (Wine shop),SACHIN KAMBLE,SURESH NAIR,PUNE,2.0,KW Beer,,
D06801,ANAND HOTEL (RANJHANGAON),180002,FL III (Permit Room),CROSS SUPPLY,,PUNE,2.0,Institution,,
D06907,SHRADHA GARDEN (MULSHI),180002,FL III (Permit Room),RAJESH,SURESH NAIR,PUNE,2.0,Institution,,
D07202,SWARAJ BEER SHOPPE (RAHATANI),180004,Beer Shopee,,SURESH NAIR,,2.0,KW Beer,,
D02441,RASAGANDHA (GANDHARVA ) RESTAURANT (SHIVAJINAGAR),180002,FL III (Permit Room),PRASHANT THORAT,SURESH NAIR,PUNE,2.0,Institution,,
D02069,ANTIQUE WINES (PIMPLE SOU),180001,FL II (Wine shop),CROSS SUPPLY,SURESH NAIR,PUNE,1.0,KW Beer,,
D06784,K S B WINE WOLD BEER SHOP,180004,Beer Shopee,,SURESH NAIR,PUNE,1.0,KW Beer,,
